"id","test_type_id","question_text","option_a","option_b","option_c","option_d","correct_answer","explanation","conversation","audio_url","transcript","article","cefr_level","difficulty","active","order_index","created_at","updated_at"
"759","focus-meaning","What does the girl mean?","She isn't hungry.","She will eat later.","She doesn't like sandwiches.","She already made lunch.","A","ผู้หญิงบอกว่าจะทำแซนด์วิชให้ แต่เด็กตอบว่า 'I just ate.' (หนูเพิ่งกินมา) แปลว่าอิ่มแล้ว ไม่ได้หิว จึงตรงกับข้อ She isn't hungry.","[{""name"":""Girl"",""text"":""I'll make you a sandwich for lunch."",""speaker"":""A""},{""name"":""Girl"",""text"":""No thanks. I just ate."",""speaker"":""B""}]",,,,"B1","medium","true","0","2026-04-12 17:37:09.643115","2026-04-12 17:37:09.643115"
"760","focus-meaning","What does the man mean?","Their dad hasn't saved much money.","Their dad doesn't spend enough money.","Their dad shouldn't have to spend money.","Their dad is angry with them.","C","ผู้ชายบอกว่า 'We shouldn't expect him to pay...' (เราไม่ควรคาดหวังให้พ่อจ่ายค่าตั๋วให้เรานะ) แสดงว่าคิดว่าพ่อไม่ต้องจ่ายเงินให้พวกเขาตรงกับ Their dad shouldn't have to spend money.","[{""name"":""Woman"",""text"":""What's up with Dad these days? He's been pretty tight with his money."",""speaker"":""A""},{""name"":""Man"",""text"":""Yeah, I know, but he's right. We shouldn't expect him to pay for our movie tickets."",""speaker"":""B""}]",,,,"B1","medium","true","0","2026-04-12 17:37:09.643115","2026-04-12 17:37:09.643115"
"761","focus-meaning","What does the woman mean?","No one told her about the news.","She has nothing else to talk about.","She hears everyone talking about it.","She doesn't believe the news.","C","ผู้หญิงตอบว่า 'No one is talking about anything else.' (ไม่มีใครพูดเรื่องอื่นเลย) หมายความว่าทุกคนพูดกันแต่เรื่องนี้ เธอจึงได้ยินทุกคนคุยกัน (She hears everyone talking about it)","[{""name"":""Man"",""text"":""Did you hear the news about the amazing drop in crime?"",""speaker"":""A""},{""name"":""Woman"",""text"":""No one is talking about anything else."",""speaker"":""B""}]",,,,"B1","medium","true","0","2026-04-12 17:37:09.643115","2026-04-12 17:37:09.643115"
"762","focus-meaning","What does the woman mean?","Liz can't come to the party.","She didn't ask Liz to come.","She doesn't know Liz very well.","Liz doesn't have a phone.","B","ผู้หญิงบอกว่าเธอไม่รู้เบอร์โทรศัพท์ของ Liz ('I don't know her phone number') แสดงว่าเธอยังไม่ได้ชวน Liz ไปงาน (She didn't ask Liz to come)","[{""name"":""Man"",""text"":""Did you ask Liz to come to the party?"",""speaker"":""A""},{""name"":""Woman"",""text"":""I don't know her phone number."",""speaker"":""B""}]",,,,"B1","medium","true","0","2026-04-12 17:37:09.643115","2026-04-12 17:37:09.643115"
"763","focus-meaning","What does the man mean by his second comment?","He started his job recently.","He is planning to leave his job.","He needs to work longer hours.","He already got a promotion.","A","ผู้ชายบอกตอบว่า 'too soon for me' (คงยังเร็วไปสำหรับผม) แสดงว่าเขาเพิ่งเข้าทำงานได้ไม่นาน โอกาสเลื่อนตำแหน่งจึงเร็วไป (He started his job recently)","[{""name"":""Man"",""text"":""Do you think you'll get a promotion at work this year?"",""speaker"":""A""},{""name"":""Woman"",""text"":""I think so. Do you?"",""speaker"":""B""},{""name"":""Man"",""text"":""No, it's probably too soon for me."",""speaker"":""A""}]",,,,"B1","medium","true","0","2026-04-12 17:37:09.643115","2026-04-12 17:37:09.643115"
"764","focus-meaning","What does the man mean?","I didn't think you would come.","I know you're usually on time.","It's difficult for you to be on time.","You are often late.","B","ผู้ชายบอกว่า 'You're hardly ever late.' (คุณแทบจะไม่เคยสายเลยนะ) หมายความว่าปกติแล้วผู้หญิงมักจะมาตรงเวลาเสมอ (I know you're usually on time)","[{""name"":""Woman"",""text"":""I'm sorry I'm late. There was so much traffic."",""speaker"":""A""},{""name"":""Man"",""text"":""Oh, I was worried! You're hardly ever late."",""speaker"":""B""}]",,,,"B1","medium","true","0","2026-04-12 17:37:09.643115","2026-04-12 17:37:09.643115"
"765","focus-meaning","What does the man mean by his first comment?","He regularly saw his cousin during the holidays.","He often traveled to his cousin's house.","He wished he could see his cousin.","His cousin lived nearby.","A","ผู้ชายเล่าว่าตอนเด็กๆ ครอบครัวญาติจะมาที่บ้านเสมอช่วงวันหยุดยาว ('would always come over') แปลว่าพวกเขาได้เจอกันเป็นประจำ (He regularly saw his cousin during the holidays)","[{""name"":""Girl"",""text"":""When I was growing up, my cousin's family would always come over to our place for the holidays."",""speaker"":""A""},{""name"":""Woman"",""text"":""I wish I could say the same! Mine lived so far away."",""speaker"":""B""}]",,,,"B1","medium","true","0","2026-04-12 17:37:09.643115","2026-04-12 17:37:09.643115"
"766","focus-meaning","What does the woman mean?","She often likes to talk about family holidays.","She rarely got to see her cousins on holidays.","She usually traveled long distances.","She doesn't like holidays.","B","ผู้หญิงพูดว่าญาติของเธออยู่ไกลมาก ('Mine lived so far away') เลยทำให้ไม่ค่อยได้เจอญาติในช่วงวันหยุด (She rarely got to see her cousins on holidays)","[{""name"":""Woman"",""text"":""When I was growing up, my cousin's family would always come over to our place for the holidays."",""speaker"":""A""},{""name"":""Man"",""text"":""I wish I could say the same! Mine lived so far away."",""speaker"":""B""}]",,,,"B1","medium","true","0","2026-04-12 17:37:09.643115","2026-04-12 17:37:09.643115"
"767","focus-meaning","What does the girl mean?","They will start a new study group.","They agree to study together again.","They both need to take the test again.","They don't want to study.","B","ผู้ชายชวนติวอีก ผู้หญิงบอกเห็นด้วย (Great minds think alike!) และชวนติวหลังเลิกเรียน ('How does after class sound?') แปลว่าตกลงที่จะติวด้วยกันอีก","[{""name"":""Girl"",""text"":""I aced that last test, thanks to our study group! Want a repeat?"",""speaker"":""A""},{""name"":""Man"",""text"":""Great minds think alike! How does after class sound?"",""speaker"":""B""}]",,,,"B1","medium","true","0","2026-04-12 17:37:09.643115","2026-04-12 17:37:09.643115"
"768","focus-meaning","What does the woman mean?","She decided not to do the work.","She didn't have time to do the work.","She didn't know how to do the work.","She forgot about the work.","B","ผู้หญิงบอกว่าพอจะเริ่มปุ๊บ เสาร์อาทิตย์ก็หมดไปซะแล้ว ('the weekend was over') แปลว่าสรุปคือเธอไม่มีเวลาทำการบ้าน (She didn't have time to do the work)","[{""name"":""Woman"",""text"":""Did you finish all the work you had to do over the weekend?"",""speaker"":""A""},{""name"":""Man"",""text"":""Well, by the time I was ready to start, the weekend was over!"",""speaker"":""B""}]",,,,"B1","medium","true","0","2026-04-12 17:37:09.643115","2026-04-12 17:37:09.643115"
"769","focus-meaning","What does the woman mean?","The professor gave useful homework.","The professor was helpful to his students.","The professor presented interesting lecture topics.","The professor was strict.","B","อาจารย์ 'bent over backwards' เป็นสำนวนแปลว่า พยายามช่วยเหลืออย่างเต็มที่ ทั้งยังมีคลาสเสริมให้ด้วย (The professor was helpful to his students)","[{""name"":""A"",""text"":""I hear this professor's class is challenging."",""speaker"":""A""},{""name"":""Teacher"",""text"":""Actually, he really bent over backwards for us with those extra sessions."",""speaker"":""B""}]",,,,"B1","medium","true","0","2026-04-12 17:37:09.643115","2026-04-12 17:37:09.643115"
"770","focus-meaning","What does the girl mean?","I didn’t want you to borrow the CD.","I didn’t accuse you of borrowing the CD.","I didn’t prevent you from borrowing the CD.","I didn’t lend you the CD.","B","ผู้ชายบอกไม่ได้ยืม CD ผู้หญิงตอบว่า 'I never said you did!' (ฉันไม่เคยพูดเลยนะว่านายยืม!) หมายความว่าเธอไม่ได้กล่าวหาว่าผู้ชายเป็นคนยืมไป","[{""name"":""Girl"",""text"":""I didn’t borrow your new CD!"",""speaker"":""A""},{""name"":""Man"",""text"":""I never said you did!"",""speaker"":""B""}]",,,,"B1","medium","true","0","2026-04-12 17:37:09.643115","2026-04-12 17:37:09.643115"
"771","focus-meaning","What does the man mean?","I don’t like talking to you.","I’ll talk to you in five minutes.","I don’t have very long to talk to you.","I cannot talk to you today.","C","ผู้ชายบอกว่าอีก 5 นาทีตัวเองต้องไปแล้ว ('I have to leave in five minutes') แสดงว่าเขามีเวลาคุยด้วยได้อีกไม่นาน (I don't have very long to talk to you)","[{""name"":""Man"",""text"":""Can I talk to you?"",""speaker"":""A""},{""name"":""Person B"",""text"":""Well, I have to leave in five minutes."",""speaker"":""B""}]",,,,"B1","medium","true","0","2026-04-12 17:37:09.643115","2026-04-12 17:37:09.643115"
"772","focus-meaning","What does the woman mean?","What’s the time now?","When did the train go?","When will the train go?","Where does the train go?","C","ผู้ชายตอบเวลาว่า 4 โมงเย็น คำถามของผู้หญิงคือ 'What time does the train leave?' แปลว่าผู้หญิงถามเวลารถไฟออกนั่นเอง (When will the train go?)","[{""name"":""Man"",""text"":""Excuse me. What time does the train leave?"",""speaker"":""A""},{""name"":""Woman"",""text"":""At 4 o’clock."",""speaker"":""B""}]",,,,"B1","medium","true","0","2026-04-12 17:37:09.643115","2026-04-12 17:37:09.643115"
"773","focus-meaning","What does the man mean?","I think it’s a good idea.","I don’t really want to go.","I’m not sure why you’re asking me.","I don’t have time tonight.","A","ผู้หญิงชวนออกไปเที่ยว ผู้ชายตอบ 'Why not?' (ทำไมจะไม่ล่ะ = ไปสิ) แสดงว่าเขาเห็นด้วยและคิดว่าเป็นไอเดียที่ดี (I think it's a good idea)","[{""name"":""Woman"",""text"":""Do you fancy going out somewhere tonight?"",""speaker"":""A""},{""name"":""Man"",""text"":""Why not?"",""speaker"":""B""}]",,,,"B1","medium","true","0","2026-04-12 17:37:09.643115","2026-04-12 17:37:09.643115"
"774","focus-meaning","What does the man mean?","Can I have your car keys?","Do you need my car keys?","Have you got my car keys?","Where are my car keys?","C","ผู้หญิงบอกว่ากุญแจวางอยู่บนโต๊ะ แสดงว่าผู้ชายตั้งคำถามเพื่อต้องการรู้ว่ากุญแจรถของตนเองอยู่ที่ไหน (Where are my car keys?)","[{""name"":""Woman"",""text"":""Did I give you my car keys?"",""speaker"":""A""},{""name"":""Man"",""text"":""They’re on the table in the hall."",""speaker"":""B""}]",,,,"B1","medium","true","0","2026-04-12 17:37:09.643115","2026-04-12 17:37:09.643115"
"775","focus-meaning","What does the boy mean?","I don’t like reading.","I don’t mind what I read.","I don’t have anything to read.","I read only certain books.","B","ผู้ชายถูกถามว่าชอบอ่านหนังสืออะไร เขาตอบ 'anything really' (อะไรก็ได้เลย) หมายความว่าเขาอ่านอะไรก็ได้ ไม่เจาะจง (I don't mind what I read)","[{""name"":""Boy"",""text"":""What sort of books do you like reading?"",""speaker"":""A""},{""name"":""Boy"",""text"":""Well, anything really."",""speaker"":""B""}]",,,,"B1","medium","true","0","2026-04-12 17:37:09.643115","2026-04-12 17:37:09.643115"
"776","focus-meaning","What does the brother mean?","You can’t understand.","You don’t understand.","You refuse to understand.","You never fish.","B","ประโยคที่บอก 'You just don't get it, do you?' (เธอไม่เข้าใจอะไรเลยสินะ) แปลแบบเรียบง่ายคือ อีกฝ่ายนั้นไม่เข้าใจในสิ่งที่เธอทำ (You don't understand)","[{""name"":""Man"",""text"":""I don’t know what you see in fishing…"",""speaker"":""A""},{""name"":""Person B"",""text"":""You just don’t get it, do you? It’s not about how many fish you catch."",""speaker"":""B""}]",,,,"B1","medium","true","0","2026-04-12 17:37:09.643115","2026-04-12 17:37:09.643115"
"777","focus-meaning","What does the man mean?","It’s losing a lot of money.","It’s bringing in a lot of money.","It’s hardly making any money.","It is expanding rapidly.","B","ผู้ชายตั้งข้อสังเกตธุรกิจของฝั่่งคู่สนทนาทำท่าจะไปได้สวย ('thriving' แปลว่า เจริญรุ่งเรือง เติบโตได้ดี) แสดงว่าน่าจะทำเงินได้เยอะมาก (Bringing in a lot of money)","[{""name"":""Man"",""text"":""Adam’s business seems to be thriving."",""speaker"":""A""},{""name"":""Person B"",""text"":""Actually, I think he’s only just about breaking even."",""speaker"":""B""}]",,,,"B1","medium","true","0","2026-04-12 17:37:09.643115","2026-04-12 17:37:09.643115"
"778","focus-meaning","What does the woman mean?","It’s losing a lot of money.","It’s bringing in a lot of money.","It’s hardly making any money.","It’s very successful.","C","ผู้หญิงแย้งว่าธุรกิจน่าจะแค่ 'breaking even' ซึ่งแปลว่าเท่าทุน/เสมอตัว หมายความว่ามันแทบจะไม่ได้ทำกำไรเลยในตอนนี้ (It's hardly making any money)","[{""name"":""Woman"",""text"":""Adam’s business seems to be thriving."",""speaker"":""A""},{""name"":""Man"",""text"":""Actually, I think he’s only just about breaking even."",""speaker"":""B""}]",,,,"B1","medium","true","0","2026-04-12 17:37:09.643115","2026-04-12 17:37:09.643115"
"779","focus-meaning","What does the woman mean?","I’ll help you if you find it difficult.","I know it won’t take you long to learn.","I’m sure you’ll be able to do it eventually.","Dancing is easy for everyone.","B","ผู้หญิงบอกเดี๋ยวก็เป็น ('You'll pick it up in no time') มีความหมายตรงตัวว่าใช้เวลาเรียนรู้ไม่นานหรอก เดี๋ยวนายก็ทำได้สบายๆ (I know it won't take you long to learn)","[{""name"":""Woman"",""text"":""I’ve never been much good at dancing."",""speaker"":""A""},{""name"":""Man"",""text"":""You’ll pick it up in no time – take my word for it."",""speaker"":""B""}]",,,,"B1","medium","true","0","2026-04-12 17:37:09.643115","2026-04-12 17:37:09.643115"
"780","focus-meaning","What does the woman mean?","I don’t know how far it is.","I never walk such a long way.","I don’t want to walk there today.","I love walking in this weather.","C","ผู้หญิงถามว่า 'Isn't it too far?' (มันไม่ไกลไปหน่อยเหรอ) ในสภาพอากาศแบบนี้ สรุปคือเธอไม่อยากเดินไปที่นั่นในบรรยากาศตอนนี้ (I don't want to walk there today)","[{""name"":""Woman"",""text"":""Let’s walk to the beach this afternoon."",""speaker"":""A""},{""name"":""Man"",""text"":""Isn’t it too far in this weather?"",""speaker"":""B""}]",,,,"B1","medium","true","0","2026-04-12 17:37:09.643115","2026-04-12 17:37:09.643115"
"781","focus-meaning","What does the man mean?","I’ll make a meal with what we have.","I’ll buy something to eat.","I’ll order takeout.","I’ll go to a restaurant.","A","คำว่า 'rustle something up' เป็นสำนวนแปลว่า การไปหาวัตถุดิบเท่าที่มีรวบรวมมาเข้าครัวทำอาหารแบบรวดเร็ว (I'll make a meal with what we have)","[{""name"":""Man"",""text"":""I’m starving."",""speaker"":""A""},{""name"":""Person B"",""text"":""I’ll see if I can rustle something up."",""speaker"":""B""}]",,,,"B1","medium","true","0","2026-04-12 17:37:09.643115","2026-04-12 17:37:09.643115"
"782","focus-meaning","What does the woman mean?","Can you tell me how much this swimsuit is?","Where can I pay for this swimsuit?","Can I see if this swimsuit fits me?","Can I return this swimsuit?","C","ผู้หญิงขออนุญาตลองชุด และผู้ชายบอกว่า 'changing room's over there' (ห้องเปลี่ยนเสื้ออยู่ตรงนั้น) แสดงว่าผู้หญิงขอเช็คว่าชุดที่ใส่เข้ากันหรือไม่","[{""name"":""Woman"",""text"":""Can I try this swimsuit on, please?"",""speaker"":""A""},{""name"":""Man"",""text"":""Sure – the changing room’s over there."",""speaker"":""B""}]",,,,"B1","medium","true","0","2026-04-12 17:37:09.643115","2026-04-12 17:37:09.643115"
"783","focus-meaning","What does the mother mean?","You might need more money than that.","That’s too much money for the cinema.","I’ve given you enough money already.","I forgot to give you money.","C","แม่บ่นว่าเมื่อเช้าก็เพิ่งให้ไป 10 ปอนด์ หมายความว่าได้ให้เงินไปมากพอสมควรแล้ว ไม่น่าจะขออะไรเพิ่มอีกนะ (I've given you enough money already)","[{""name"":""Mother"",""text"":""Can I have £6 for the cinema, please?Mother: But I gave you £10 this morning!"",""speaker"":""A""}]",,,,"B1","medium","true","0","2026-04-12 17:37:09.643115","2026-04-12 17:37:09.643115"
"784","focus-meaning","What does the father mean?","I think John wants to help you.","I don’t think John understands it.","I think John can help you.","John gave you the homework.","C","พ่อบอก 'Why don't you ask John about it?' เป็นประโยคการแนะนำให้ไปถาม John แสดงว่าพ่อคิดว่า John น่าจะช่วยเธอทำการบ้านได้","[{""name"":""Father"",""text"":""I don’t understand tonight’s history homework."",""speaker"":""A""},{""name"":""Father"",""text"":""Why don’t you ask John about it?"",""speaker"":""B""}]",,,,"B1","medium","true","0","2026-04-12 17:37:09.643115","2026-04-12 17:37:09.643115"
"785","focus-meaning","What does the girl mean?","There are four tennis matches tomorrow.","The match is at 3 o’clock tomorrow.","We need another player for tomorrow’s match.","The match is cancelled.","C","ผู้เล่นเกมเทนนิสต้องมี 4 คน แต่ตอนนี้มี 3 ผู้ชายเลยชวนเพื่อน John ข้อความนี้สื่อว่าพวกเขากำลังขาดเพลย์เยอร์คนนึงพรุ่งนี้ (We need another player...)","[{""name"":""Girl"",""text"":""How many people do we need for tomorrow’s tennis match?"",""speaker"":""A""},{""name"":""Girl"",""text"":""Four – but we only have three at the moment."",""speaker"":""B""},{""name"":""Girl"",""text"":""John is a good tennis player, I’ll ask him."",""speaker"":""A""}]",,,,"B1","medium","true","0","2026-04-12 17:37:09.643115","2026-04-12 17:37:09.643115"
"786","focus-meaning","What does the waitress mean?","I can make coffee but not tea.","I can’t make coffee at the moment.","I can only make drinks from the machine.","Coffee is free today.","B","เครื่องทำกาแฟพังและกำลังอยู่ในการซ่อมบำรุง พนักงานที่ร้านจึงสื่อความหมายว่า ตอนนี้ไม่สามารถทำการชงกาแฟให้ดื่มได้ (I can't make coffee at the moment)","[{""name"":""Waitress"",""text"":""Can I have one coffee and two teas, please?"",""speaker"":""A""},{""name"":""Waitress"",""text"":""I’m sorry. The coffee machine’s just being fixed."",""speaker"":""B""}]",,,,"B1","medium","true","0","2026-04-12 17:37:09.643115","2026-04-12 17:37:09.643115"
"787","focus-meaning","What does the woman mean?","Can you lend me a sweater?","Do you still have my sweater?","Why aren’t you wearing a sweater?","Can you wash a sweater?","A","ผู้ชายบอกว่ามีเสื้อสเวตเตอร์นะแต่ว่ามันคงไม่ค่อยสะอาด การพูดโต้ตอบแบบนี้จริงๆแล้วเป็นการตอบรับคำพูดที่ผู้หญิงอยากขอยืมเสื้อนั่นเอง (Can you lend me a sweater?)","[{""name"":""Woman"",""text"":""I’m cold, Jim. Have you got a sweater?"",""speaker"":""A""},{""name"":""Man"",""text"":""Yes, but it’s not very clean, I’m afraid."",""speaker"":""B""}]",,,,"B1","medium","true","0","2026-04-12 17:37:09.643115","2026-04-12 17:37:09.643115"
"788","focus-meaning","What does the man mean?","He is criticising the woman.","He is giving the woman some advice.","He is asking the woman for information.","He is joking with her.","B","ผู้ชายทักว่า 'Why don't you lie down' (นอนพักสักหน่อยไหมล่ะ) เป็นการให้คำแนะนำเพื่อให้อาการปวดหัวดีขึ้นตามมารยาท (He is giving the woman some advice)","[{""name"":""Woman"",""text"":""I’ve got a terrible headache."",""speaker"":""A""},{""name"":""Man"",""text"":""Why don’t you lie down for a while?"",""speaker"":""B""}]",,,,"B1","medium","true","0","2026-04-12 17:37:09.643115","2026-04-12 17:37:09.643115"
"789","focus-meaning","What does the woman mean?","What does she look like?","What do you like about her?","What can you tell me about her?","What does she wear?","C","ผู้หญิงถามทวนกลับประโยคที่พนักงานว่าคือ 'What's she like?' (เธอเป็นคนแบบไหน มีลักษณะนิสัยเป็นอย่างไร) แสดงว่าต้องการให้เขาช่วยบอกรายละเอียดของเธอคนนี้มา","[{""name"":""Woman"",""text"":""Have you seen the new Sales Manager?"",""speaker"":""A""},{""name"":""Man"",""text"":""Yes, what’s she like?"",""speaker"":""B""}]",,,,"B1","medium","true","0","2026-04-12 17:37:09.643115","2026-04-12 17:37:09.643115"
"790","focus-meaning","What does the son mean?","I’ll be nervous on stage tonight.","I can’t remember my lines now.","I need to get on stage quickly.","I don’t want to act.","A","เด็กชายบอกอาจจะตื่นเต้นจนลืมบทพูดไปเสียดื้อๆ ทันทีที่ขึ้นไปบนเวที แสดงว่าเขามีอาการประหม่ามากๆกังวลใจที่จะแสดงในค่ำคืนนี้ (I'll be nervous on stage tonight)","[{""name"":""Man"",""text"":""Yes, but I know I’ll forget them as soon as I get on stage."",""speaker"":""A""}]",,,,"B1","medium","true","0","2026-04-12 17:37:09.643115","2026-04-12 17:37:09.643115"
"791","focus-meaning","The man…","Suggesting a trip to the countryside.","Agreeing to drive her there.","Asking about the weather.","Talking about work.","A","ผู้ชายทักว่าอากาศวันนี้ดี๊ดี ชวนให้จัดทริปตากอากาศ 'nice day for a drive in the countryside' นั่นก็คือบอกเป็นนัยว่าไปขับรถเล่นกันเถอะ (Suggesting a trip...)","[{""name"":""Man"",""text"":""It’s a nice day for a drive in the countryside."",""speaker"":""A""},{""name"":""Woman"",""text"":""Yes, but I’m a bit busy this afternoon."",""speaker"":""B""}]",,,,"B1","medium","true","0","2026-04-12 17:37:09.643115","2026-04-12 17:37:09.643115"
"792","focus-meaning","What does the man mean?","He doesn’t believe it’s snowing.","The snow had been predicted.","The amount of snow is unclear.","It rarely snows.","B","ผู้ชายบอก 'It wasn't exactly unexpected' (มันก็ไม่ได้เหนือความคาดหมายนักหรอก) แปลว่าเคยมีการพยากรณ์พยากรณ์อากาศล่วงหน้าไว้แล้ว (The snow had been predicted)","[{""name"":""Man"",""text"":""I can’t believe it’s snowing today."",""speaker"":""A""},{""name"":""Person B"",""text"":""It wasn’t exactly unexpected."",""speaker"":""B""}]",,,,"B1","medium","true","0","2026-04-12 17:37:09.643115","2026-04-12 17:37:09.643115"
"793","focus-meaning","What does the woman imply?","She will take the test again.","She thinks she did well.","She’s unhappy with how she did.","She didn’t take the exam.","C","ผญ.รู้สึกเสียดายและบอกว่าอยากกลับไปทำข้อสอบซ้ำอีกสักรอบ ('take it over again') สะท้อนว่าตัวเองทำได้ไม่ดีและกำลังรู้สึกเศร้า/แย่กับผลงาน","[{""name"":""Woman"",""text"":""How do you think you did on the literature exam?"",""speaker"":""A""},{""name"":""Man"",""text"":""I really wish I could take it over again."",""speaker"":""B""}]",,,,"B1","medium","true","0","2026-04-12 17:37:09.643115","2026-04-12 17:37:09.643115"
"794","focus-meaning","What had the man assumed?","The door was unlocked.","It was better to wait outside.","He could not open the door.","Someone was inside.","C","ฝ่ายชายเข้าใจว่าตประตูล็อค พอผู้หญิงบอกเปิดได้เลย เขาจึงทวนว่า 'So the door was not locked!' แสดงว่าก่อนหน้านี้ตัวเขาตั้งใจจะบอกว่าตัวเองเปิดประตูไม่ได้","[{""name"":""Man"",""text"":""You didn’t have to wait outside. You could’ve opened the door."",""speaker"":""A""},{""name"":""Woman"",""text"":""So the door was not locked!"",""speaker"":""B""}]",,,,"B1","medium","true","0","2026-04-12 17:37:09.643115","2026-04-12 17:37:09.643115"
"795","focus-meaning","What does the woman mean?","She doesn’t want the job.","She can’t start working now.","She worked for two weeks.","She will never start.","B","ผญ.ตอบปฏิเสธที่จะสตาร์ทงานทันที แต่ต้องรออีกสองอาทิตย์ ('No, but I can begin in two weeks') แสดงว่าสรุปรวบยอดคือเธอเริ่มเข้าทำงานตอนนี้เลยไม่ได้","[{""name"":""Woman"",""text"":""Can you start work immediately?"",""speaker"":""A""},{""name"":""Man"",""text"":""No, but I can begin in two weeks."",""speaker"":""B""}]",,,,"B1","medium","true","0","2026-04-12 17:37:09.643115","2026-04-12 17:37:09.643115"
"796","focus-meaning","What does the man mean?","He prefers staying home.","He goes to the same place.","He wants warm weather.","He likes winter.","C","ผชัยบอกหนีไปที่ไหนก็ได้ที่ไกลๆเพราะ 'I can't stand the cold' (ทนอากาศหนาวๆไม่ไหวแล้ว) แสดงว่าเขาอยากจะมุ่งหน้าไปท่องเที่ยวในสถานที่ที่มีอากาศอบอุ่นขึ้น","[{""name"":""Man"",""text"":""Where are you going for vacation?"",""speaker"":""A""},{""name"":""Person B"",""text"":""Somewhere away from here. I can’t stand the cold."",""speaker"":""B""}]",,,,"B1","medium","true","0","2026-04-12 17:37:09.643115","2026-04-12 17:37:09.643115"
"797","focus-meaning","What does he mean?","I couldn’t sit where I wanted.","I missed the end.","I want to see it again.","I left early.","A","ผช.บอกกะจะไปนั่งดูหน้าๆซะหน่อยแต่กลายเป็นไปช้าจนพลาด ('got there too late') หมายความว่าเขาเลือกไปนั่งในที่นั่งดีๆ ดั่งจินตนาการไม่ทัน (I couldn't sit where I wanted)","[{""name"":""Man"",""text"":""That concert last night was terrific."",""speaker"":""A""},{""name"":""Person B"",""text"":""Did you get to sit up front?"",""speaker"":""B""},{""name"":""Man"",""text"":""I’d hoped to, but I got there too late."",""speaker"":""A""}]",,,,"B1","medium","true","0","2026-04-12 17:37:09.643115","2026-04-12 17:37:09.643115"
"798","focus-meaning","What does he mean?","The book was very difficult.","It took one day to read.","He was busy.","It was boring.","A","ผู้ชายบอกว่าส่วนตัวอ่านมาหลายส่วนแล้วเจอว่ามันหนักและเข้าใจยาก ('had a hard time with a lot of it') แปลว่าหนังสือสือเล่มนี้มันอ่านยากมหาโหด","[{""name"":""Man"",""text"":""What did you think of that book?"",""speaker"":""A""},{""name"":""Person B"",""text"":""I had a hard time with a lot of it."",""speaker"":""B""}]",,,,"B1","medium","true","0","2026-04-12 17:37:09.643115","2026-04-12 17:37:09.643115"
"799","focus-meaning","What does the man mean?","He won’t wash his car.","His car isn’t dirty.","He doesn’t like rain.","He will wash it later.","A","ฝ่ายชายตัดสินใจยังไม่ล้างรถของตัวเองเพราะรู้ว่าเดี๋ยวฝนก็กำลังจะตก ('not going to bother washing') มีความหมายตรงตัวว่าเขาจะไม่ล้างตามนั้นเลย","[{""name"":""Man"",""text"":""I’m not going to bother washing the car. It’s going to rain later."",""speaker"":""A""}]",,,,"B1","medium","true","0","2026-04-12 17:37:09.643115","2026-04-12 17:37:09.643115"
"800","focus-meaning","What does the woman mean?","Are you looking for a dentist?","What does your dentist look like?","What do you think about your dentist?","Where is your dentist?","C","ผู้หญิงตอบชมรัวๆเลยว่า 'I would definitely recommend her' (อยากจะเเนะนำหมอคนนี้เเน่นอน) เป็นการบรรยายความคิดเห็นบวกๆของเธอที่มีต่อทันตแพทย์","[{""name"":""Man"",""text"":""I’m looking for a new dentist. What’s yours like?"",""speaker"":""A""},{""name"":""Woman"",""text"":""I would definitely recommend her."",""speaker"":""B""}]",,,,"B1","medium","true","0","2026-04-12 17:37:09.643115","2026-04-12 17:37:09.643115"
"801","focus-meaning","What does he mean?","He can’t do them later.","He wants her to do them.","She doesn’t need to wash them.","The dishes are dirty.","C","ผู้ชายตอบสบายๆว่า ตัวเองกลับมาบ้านก็จัดการเคลียร์ล้างให้หมดแล้วแหละ ('I did them when I got home') หมายความว่าฝ่ายหญิงไม่ต้องไปจัดการล้างต่อหรอก","[{""name"":""Woman"",""text"":""I forgot to wash the dishes."",""speaker"":""A""},{""name"":""Man"",""text"":""It’s okay. I did them when I got home."",""speaker"":""B""}]",,,,"B1","medium","true","0","2026-04-12 17:37:09.643115","2026-04-12 17:37:09.643115"
"802","focus-meaning","What does he mean?","He didn’t work today.","He had a bad day.","He’ll explain later.","Work was easy.","B","ฝ่ายชายบ่นบอกว่า 'Today is just not my day' แปลว่าวันนี้มันไม่ใช่วันเข้าฝ่ายฉันเลย (ฉันดวงตก ไม่สบอารมณ์) แสดงว่าเขาไปเจอเรื่องร้ายๆ แย่ๆ ปวดหัวมาทั้งวัน","[{""name"":""Man"",""text"":""So how did things go at work?"",""speaker"":""A""},{""name"":""Person B"",""text"":""Today is just not my day."",""speaker"":""B""}]",,,,"B1","medium","true","0","2026-04-12 17:37:09.643115","2026-04-12 17:37:09.643115"
"803","focus-meaning","What does the son mean?","Refusing to admit a problem.","Denying borrowing the car.","Changing the subject.","Asking a question.","A","ลูกชายกลบเกลื่อนรอยต่อและบอก 'I don't know what you're talking about' (ผมไม่รู้พ่อพูดเอ่ยเรื่องอะไรครับ) คือพยายามหนีปัญหาและหลีกเลี่ยงไม่ยอมรับ","[{""name"":""Man"",""text"":""What did you do to the car last night?"",""speaker"":""A""},{""name"":""Person B"",""text"":""I don’t know what you’re talking about."",""speaker"":""B""}]",,,,"B1","medium","true","0","2026-04-12 17:37:09.643115","2026-04-12 17:37:09.643115"
"804","focus-meaning","What does the boy mean?","She could be more like him.","She should be more confident.","She must change opinion.","She must copy him.","B","ผู้ชายตอบสาวว่า 'You have your good points too' (ตัวเธอเองก็มีจุดเด่นมุมดีนับไม่ถ้วนเหมือนกัน) หมายความว่าอยากให้เธอให้ความสำคัญและมีความมั่นใจในตัวเองมากขึ้น","[{""name"":""Boy"",""text"":""My brother is so outgoing. I’d like to be like that."",""speaker"":""A""},{""name"":""Man"",""text"":""You have your good points too."",""speaker"":""B""}]",,,,"B1","medium","true","0","2026-04-12 17:37:09.643115","2026-04-12 17:37:09.643115"
"805","focus-meaning","What does he mean?","I will go out.","I can’t go out.","I might go out.","I already went out.","C","เพื่อนชายบอกใจจริงอยากออกเที่ยวเต็มแก่ แต่ติดการบ้านกองโต เลยต่อท้ายว่า 'I'll have to see' (เดี๋ยวขอดูโอกาสละกัน) แปลว่าเขาอาจจะไปด้วยก็เป็นได้ถ้าเคลียร์ทัน (I might go out)","[{""name"":""Man"",""text"":""Do you want to come out tonight?"",""speaker"":""A""},{""name"":""Person B"",""text"":""I’d love to, but I’ve got a lot of homework. I’ll have to see."",""speaker"":""B""}]",,,,"B1","medium","true","0","2026-04-12 17:37:09.643115","2026-04-12 17:37:09.643115"
"806","focus-meaning","Meaning?","We can return here.","Not sure we can return.","You like it more than me.","It’s too expensive.","A","ผู้ชายตอบว่า 'If you'd like to, sure.' (ถ้าคุณผู้หญิงอยากจะแวะมาเยือนอีกก็ตามใจ เอาสิ) แปลว่าปีหน้าเราสามารถกลับมาดื่มด่ำความสุขที่นี่ได้อีกนั่นเอง","[{""name"":""Woman"",""text"":""This vacation has been wonderful."",""speaker"":""A""},{""name"":""Man"",""text"":""Can we come back next year?"",""speaker"":""B""},{""name"":""Woman"",""text"":""If you’d like to, sure."",""speaker"":""A""}]",,,,"B1","medium","true","0","2026-04-12 17:37:09.643115","2026-04-12 17:37:09.643115"
"807","focus-meaning","Meaning?","The restaurant is close to school.","Dinner is on the beach.","Class meets in main building.","Restaurant is far away.","A","ผู้หญิงบอกพิกัดร้าน Thai Lotus Restaurant ว่ามันตั้งอยู่ 'next to the main school building' เป็นข้อบ่งชี้ว่าสถานที่ใกล้กับโรงเรียน (The restaurant is close to school)","[{""name"":""Man"",""text"":""Do you know where the class is meeting for dinner?"",""speaker"":""A""},{""name"":""Woman"",""text"":""At Thai Lotus Restaurant next to the main school building."",""speaker"":""B""}]",,,,"B1","medium","true","0","2026-04-12 17:37:09.643115","2026-04-12 17:37:09.643115"
"808","focus-meaning","Meaning?","She isn’t very hungry.","She hates soup.","She already ate.","She will eat later.","A","ผู้หญิงอธิบายอาการว่ายังทานไม่ค่อยลง 'I don't feel like eating at the moment' หมายความว่าเธอยังไม่รู้สึกหิวข้าว/ความอยากอาหารมีระดับต่ำ (She isn't very hungry)","[{""name"":""Man"",""text"":""I made some soup. Would you like some?"",""speaker"":""A""},{""name"":""Woman"",""text"":""No thanks. I don’t feel like eating at the moment."",""speaker"":""B""}]",,,,"B1","medium","true","0","2026-04-12 17:37:09.643115","2026-04-12 17:37:09.643115"
"809","focus-meaning","What does the husband mean?","She should do things faster.","She should sleep earlier.","She needs more time.","She should wake later.","A","สามีบ่นภรรยาอ้อมๆว่าเหตุที่สายก็เพราะ 'you take your time getting ready' (คุณโอ้เอ้แต่งตัวไม่เร่งรัดเอง) หมายความว่าหล่อนสามารถและน่าจะแต่งให้เร็วกว่านี้สักหน่อย","[{""name"":""Husband"",""text"":""I’ve been so late leaving for work in the morning."",""speaker"":""A""},{""name"":""Husband"",""text"":""That’s because you take your time getting ready."",""speaker"":""B""}]",,,,"B1","medium","true","0","2026-04-12 17:37:09.643115","2026-04-12 17:37:09.643115"
"810","focus-meaning","What does the woman mean?","She always works weekends.","She usually works weekends.","She sometimes works weekends.","She never works weekends.","C","หญิงชี้แจงว่าช่วงเสาร์-อาทิตย์ก็มีมารับงานบ้างนะแต่นานๆที 'Only once a month' (ทำงานเพียงเดือนละ 1 หน) หมายความว่าก็มีนั่นแหละแค่ไม่ใช่บ่อยๆ","[{""name"":""Woman"",""text"":""Do you often work at the weekends?"",""speaker"":""A""},{""name"":""Man"",""text"":""Only once a month."",""speaker"":""B""}]",,,,"B1","medium","true","0","2026-04-12 17:37:09.643115","2026-04-12 17:37:09.643115"
"811","focus-meaning","What does the girl mean?","She never sees him there.","She always sees him there.","She sometimes sees him there.","She goes with him.","A","ผู้ชายมักจะออกมาสระว่ายน้ำตอนเช้าตรู่เสมอ ('always go early in the mornings') เป็นเหตุผลว่าตลอดเวลาที่ผ่านมาผู้หญิงจึงไม่เคยเจอเขาเลยสักหน","[{""name"":""Girl"",""text"":""I like swimming."",""speaker"":""A""},{""name"":""Girl"",""text"":""I hardly ever see you at the pool."",""speaker"":""B""},{""name"":""Girl"",""text"":""I always go early in the mornings."",""speaker"":""A""}]",,,,"B1","medium","true","0","2026-04-12 17:37:09.643115","2026-04-12 17:37:09.643115"
"812","focus-meaning","What does the man mean?","Someone will take her home.","Someone will find a hotel.","She can stay at someone’s house.","She should leave early.","C","ชายเพื่อนบอกว่า 'One of us can put you up' (หนึ่งในพวกเราสามารถให้พี่สาวพักอาศัยชั่วคราวได้) หมายถึงผู้หญิงสามารถอยู่ค้างเพื่อร่วมดูคอนเทนท์ยาวๆได้","[{""name"":""Man"",""text"":""It’s a shame you can’t see the film with us."",""speaker"":""A""},{""name"":""Woman"",""text"":""I wanted to but the buses stop early."",""speaker"":""B""},{""name"":""Man"",""text"":""One of us can put you up."",""speaker"":""A""}]",,,,"B1","medium","true","0","2026-04-12 17:37:09.643115","2026-04-12 17:37:09.643115"
"813","focus-meaning","Meaning?","The old curtains are too old.","He doesn’t want to change them.","He likes traditional curtains.","He wants different color.","B","สามีไม่อยากตัดผ้าม่านใหม่มาเปลี่ยนเพิ่ม เลยพูดไปว่า 'I'd rather keep the ones we've got' (พี่อยากใช้ของเดิมที่เรามีมากกว่าจ้า) คือผู้ชายไม่ต้องการเปลี่ยนมัน","[{""name"":""Man"",""text"":""I’m going to have new curtains made."",""speaker"":""A""},{""name"":""Person B"",""text"":""I’d rather keep the ones we’ve got."",""speaker"":""B""}]",,,,"B1","medium","true","0","2026-04-12 17:37:09.643115","2026-04-12 17:37:09.643115"
"814","focus-meaning","Meaning?","Selling is a bad idea.","He agrees to sell it.","He doesn’t understand.","He refuses.","B","สามีพิจารณาเห็นด้วยจึงตอบสบายๆว่า 'I don't see why not' (ผมก็ไม่เห็นข้อห้ามอะไรที่จะขายตรงไหน) คือได้สิ สามีอนุมัติด้วยประการทั้งปวงต่อไอเดียที่จะขายห้องนี้ทิ้งสะ","[{""name"":""Wife"",""text"":""This apartment is too small. Should we sell it?"",""speaker"":""A""},{""name"":""Husband"",""text"":""I don’t see why not."",""speaker"":""B""}]",,,,"B1","medium","true","0","2026-04-12 17:37:09.643115","2026-04-12 17:37:09.643115"
"815","focus-meaning","What does the teacher mean?","You forget bags often.","Remember next time.","Remember to take your bag.","Your bag is missing.","C","คุณครูพูดว่า 'Don't forget your bag.' (ทีหลังห้ามลืมกระเป๋านะ) คืือเป็นการเเจ้งเตือนนักเรียนว่าให้อย่าให้ซ้ำรอยเพื่อเอาของสำคัญติดตัวกลับไป","[{""name"":""Teacher"",""text"":""Don’t forget your bag."",""speaker"":""A""},{""name"":""Teacher"",""text"":""That bag isn’t mine."",""speaker"":""B""}]",,,,"B1","medium","true","0","2026-04-12 17:37:09.643115","2026-04-12 17:37:09.643115"
"816","focus-meaning","Meaning?","She wants another piece.","She wants to know where to buy it.","She wants to know how to make it.","She wants to sell it.","C","ผู้หญิงบอกทานแล้วละมุนสุดตัว 'You must give me the recipe' (เธอต้องกระซิบบอกสูตรมาเดียวนี้นะจ้ะ) แเปลว่าเธอมีความต้องการอย่างยิ่งที่จะอยากรู้วิธีประกอบอาหาร","[{""name"":""Woman"",""text"":""This pie is delicious. You must give me the recipe."",""speaker"":""A""}]",,,,"B1","medium","true","0","2026-04-12 17:37:09.643115","2026-04-12 17:37:09.643115"
"817","focus-meaning","Meaning?","He isn’t good at remembering names.","He remembers names well.","He remembers some names.","He forgets everything.","A","คนพูดบอก 'hopeless at remembering names' (มีปัญหาอย่างรุนแรงกับการจดจำชื่อชาวบ้านเสมอ) แปลว่าตัวเขาไม่ใช่คนเก่งในการนึกชื่อคนแบบอัตโนมัติ","[{""name"":""Person A"",""text"":""Have you got a good memory?"",""speaker"":""A""},{""name"":""Person B"",""text"":""I’m hopeless at remembering names."",""speaker"":""B""}]",,,,"B1","medium","true","0","2026-04-12 17:37:09.643115","2026-04-12 17:37:09.643115"
"818","focus-meaning","Meaning?","She needs a new dentist.","She wants a dentist to check her tooth.","She must not miss appointment.","She wants medicine.","B","ชายทักเตือนห่วงใยว่าผู้หญิงกำลังเครียดฟันซี่นั้น ('worrying about that tooth') แปลสะท้อนว่าผู้หญิงตั้งใจที่จะอยากให้ทันตแพทย์เช็คฟันรักษามันเสียที","[{""name"":""Man"",""text"":""I need to make an appointment at the dentist’s."",""speaker"":""A""},{""name"":""Woman"",""text"":""You’ve been worrying about that tooth."",""speaker"":""B""}]",,,,"B1","medium","true","0","2026-04-12 17:37:09.643115","2026-04-12 17:37:09.643115"
"819","focus-meaning","Meaning?","He started his job recently.","He will leave job soon.","He works too much.","He will get promotion soon.","A","ผู้ชายบอกว่ายังคงมีเวลาอีกนาน ('too soon for me') แสดงว่ามันแค่เพิ่งเข้าทำงานเท่านั้น การได้ขยับตำแหน่งงานเลื่อนขีดขั้นจึงไม่น่าเกิดขึ้นในเวลาอีนใกล้","[{""name"":""Man"",""text"":""Do you think you’ll get a promotion?"",""speaker"":""A""},{""name"":""Woman"",""text"":""I think so."",""speaker"":""B""},{""name"":""Man"",""text"":""It’s probably too soon for me."",""speaker"":""A""}]",,,,"B1","medium","true","0","2026-04-12 17:37:09.643115","2026-04-12 17:37:09.643115"
"820","focus-meaning","Meaning?","She must take more classes.","She must quit job.","She wants more flexibility.","She hates classes.","C","ผู้หญิงบ่นๆ เรื่องเงื่อนไขจำกัด 'My job limits what I can choose' (สถานภาพการทำงานจำกัดสิ่งที่ฉันเลือกได้) หมายความว่าเธอตั้งใจอยากจะได้อิสระและความยืดหยุ่นกว่าที่เป็น","[{""name"":""Man"",""text"":""Have you finalized your schedule?"",""speaker"":""A""},{""name"":""Woman"",""text"":""My job limits what I can choose."",""speaker"":""B""}]",,,,"B1","medium","true","0","2026-04-12 17:37:09.643115","2026-04-12 17:37:09.643115"
"821","focus-meaning","Meaning?","He should call repair shop.","He can use her computer.","He should buy a new computer.","She will repair it.","B","ผู้หญิงถามชายที่มีปัญหากับคอมพังว่า 'Do you want to use mine?' (เครื่องฉันว่างนะสนใจยืมชั่วคราวไหม) เป็นการแสดงน้ำใจให้ผู้ชายขอยืมคอมตัวเองได้","[{""name"":""Woman"",""text"":""My computer is broken again."",""speaker"":""A""},{""name"":""Man"",""text"":""Do you want to use mine?"",""speaker"":""B""}]",,,,"B1","medium","true","0","2026-04-12 17:37:09.643115","2026-04-12 17:37:09.643115"
"822","focus-meaning","Meaning?","Was it difficult?","Was it scary?","Was it as good as people say?","Was it expensive?","C","ชายถามเพื่อนผู้กล้าโดดร่มว่า 'everything it was cracked up to be?' (สรุปที่โดดไปมันสุดติ่งคุ้มจริงจังตามที่เขากล่าวขานจริงป่ะ) เป็นสำนวนแปลว่า มันดีงามสมคำร่ำลือหรือเปล่า","[{""name"":""Man"",""text"":""Was parachute jumping everything it was cracked up to be?"",""speaker"":""A""}]",,,,"B1","medium","true","0","2026-04-12 17:37:09.643115","2026-04-12 17:37:09.643115"
"823","focus-meaning","Meaning?","It ended quickly.","It took a long time.","It was expensive.","It was boring.","B","ตัวหญิงอธิบายความน่าเบื่อในช่วงที่ต้อง 'hanging around' (ลอยชาย/รอนาน) เป็นการบ่งบอกบรรยากาศและลักษณะว่ากิจกรรมมันต้องใช้เวลาเผ่านไปนานมากๆ","[{""name"":""Woman"",""text"":""There was a lot of hanging around though."",""speaker"":""A""}]",,,,"B1","medium","true","0","2026-04-12 17:37:09.643115","2026-04-12 17:37:09.643115"
"824","focus-meaning","Meaning?","You were late today.","You don’t try hard.","Ask about class time.","You skipped class.","A","ผู้สอนย้ำเพื่อกระตุ้น 'Make an effort to come to class on time tomorrow' (พรุ่งนี้พยายามตั้งหน้าตั้งตามาก่อนเข้าคลาสมั่งนะ) ความหมายเชิงลบเล็กๆคือนักเรียนเพิ่งเข้าคลาสสายในวันนี้","[{""name"":""Person A"",""text"":""Make an effort to come to class on time tomorrow."",""speaker"":""A""}]",,,,"B1","medium","true","0","2026-04-12 17:37:09.643115","2026-04-12 17:37:09.643115"
"825","focus-meaning","Meaning?","It’s not her computer.","You can’t use it.","She cannot make that decision.","It is broken.","C","เจ้าของบอกไม่มั่นใจ 'That's not really up to me' (มันไม่ใช่เรื่องที่ฉันจะตัดสินใจอนุมัติหรือยกให้ใครได้เลยนะ) ก็คือตัวเธอไม่มีอำนาจเบิกหรือตัดสินใจจ้า","[{""name"":""Person A"",""text"":""May I use your computer next week?"",""speaker"":""A""},{""name"":""Person B"",""text"":""That’s not really up to me."",""speaker"":""B""}]",,,,"B1","medium","true","0","2026-04-12 17:37:09.643115","2026-04-12 17:37:09.643115"
"826","focus-meaning","Meaning?","She prefers pasta.","She can cook with pasta instead of rice.","She needs both.","She hates rice.","B","ตัวผู้หญิงพูดประจวบเหมาะ 'I'll use pasta instead' (เดี๋ยวฉันใช้เส้นพาสต้ามาผัดแทน) คือหล่อนเตรียมทางหนีทีไล่แผนสำรองสามารถจัดการวัตถุดิบอื่นหุงแทนข้าวได้ไม่มีปัญหา","[{""name"":""Woman"",""text"":""Is there rice in the cupboard?"",""speaker"":""A""},{""name"":""Man"",""text"":""No, shall I get some?"",""speaker"":""B""},{""name"":""Woman"",""text"":""Don’t worry, I’ll use pasta instead."",""speaker"":""A""}]",,,,"B1","medium","true","0","2026-04-12 17:37:09.643115","2026-04-12 17:37:09.643115"
"827","focus-meaning","Meaning?","He passed easily.","He got the highest score.","He failed the test.","He cheated.","B","เด็กชายบอกมาว่า 'I aced that test' (ทำข้อสอบดั่งเทพประทานทะลุเป้าเลย) เป็นภาษาพูด/วัยรุ่นที่มีความหมายว่า สอบได้ท็อปคะแนนสูงสุดปังๆระดับสูงสุดยอดเยี่ยม","[{""name"":""Man"",""text"":""I aced that test thanks to our study group."",""speaker"":""A""}]",,,,"B1","medium","true","0","2026-04-12 17:37:09.643115","2026-04-12 17:37:09.643115"
"828","focus-meaning","Meaning?","She agrees and suggests meeting after class.","She disagrees.","She will study alone.","She cancels the plan.","A","ผู้หญิงอุทาน 'Great minds think alike!' (คนฉลาดมักใจตรงกันแบบนี้แหละ) หลังผชเสนอคิวต่อ คือเห็นชอบด้วยพร้อมเสนอแนะทันควันให้ไปทำงานหลังจบชั้นเรียน","[{""name"":""Woman"",""text"":""Great minds think alike! How about after class?"",""speaker"":""A""}]",,,,"B1","medium","true","0","2026-04-12 17:37:09.643115","2026-04-12 17:37:09.643115"
"829","focus-meaning","What does the woman mean?","The senator already sounds like a president.","The senator needs more experience to be president.","The senator has been giving more speeches recently.","—","A","เพื่อนทึ่งพูดชมว่านักการเมืองคนนั้น 'gives speeches like one' (สามารถให้สุนทรพจน์เฉียบขาดเหมือนคนมีตำแหน่งจริงๆ) บ่งบอกว่าเขาพรั่งพร้อมและเหมาะกับบทบาทประธานาธิบดีมากสุดๆ","[{""name"":""Woman"",""text"":""Do you think the senator has a good chance of becoming the next president?"",""speaker"":""A""},{""name"":""Man"",""text"":""Well he might be really young, but he certainly gives speeches like one."",""speaker"":""B""}]",,,,"B1","medium","true","0","2026-04-12 17:37:09.643115","2026-04-12 17:37:09.643115"
"830","focus-meaning","What does the woman mean?","She doesn’t know what to do with her friend’s bag.","She won’t go out with her friend anymore.","She can’t explain her friend’s behavior.","—","C","ผู้หญิงรู้สึกมึน 'I'm not sure what to make of it.' หมายความว่าก็อธิบายอาการของเพื่อนสนิทที่สละที่นั่งแล้วหายตัวดื้อๆ ไม่ถูก ตัวผู้หญิงเองก็คาดเหตุผลล่วงหน้าไม่ได้","[{""name"":""Woman"",""text"":""One moment my friend and I were having fun, and the next, she up and left with her bag."",""speaker"":""A""},{""name"":""Man"",""text"":""Don’t worry. I’m sure it has nothing to do with you."",""speaker"":""B""}]",,,,"B1","medium","true","0","2026-04-12 17:37:09.643115","2026-04-12 17:37:09.643115"
"831","focus-meaning","What does the man mean?","Where did you move home to?","Where did you go for your holiday?","Where did you spend your childhood?","—","C","ผู้ชายถามหยั่งเชิงสถานที่เด็กในความทรงจำ 'Where were you brought up?' (คุณนายไปโดนเลี้ยงให้โตๆมาจากแถบพื้นที่ไหนครับเนี้ย) ซึ่งแปลตามเซนส์คือชีวิตวัยเติบโตใช้อยู่สถานที่ไหนเป็นหลัก","[{""name"":""Man"",""text"":""Where were you brought up?"",""speaker"":""A""},{""name"":""Woman"",""text"":""In Australia."",""speaker"":""B""}]",,,,"B1","medium","true","0","2026-04-12 17:37:09.643115","2026-04-12 17:37:09.643115"
"832","focus-meaning","What does the wife mean?","She needs to cancel her trip to visit her brother.","Her brother agreed to pay for the family vacation.","Her brother might stay home during the vacation.","—","C","ผู้หญิงวิเคราะห์พี่ชายว่า 'money is tight for him' (สถานภาพการเงินเขาค่อนข้างตึง/ช็อต) แปลว่าพี่ชายไม่น่ามีเงินมาร่วมเที่ยวทริปแพงๆ จึงอาจชวดพักอาศัยที่ห้องที่บ้านอดไปสังสรรค์","[{""name"":""Wife"",""text"":""Is your brother still planning on joining us for summer vacation?"",""speaker"":""A""},{""name"":""Man"",""text"":""It sounds like money is tight for him now, so I’m not sure he’ll be able to spend it with us."",""speaker"":""B""}]",,,,"B1","medium","true","0","2026-04-12 17:37:09.643115","2026-04-12 17:37:09.643115"
"833","focus-meaning","What does the woman mean?","It's the man's fault they are late.","She doesn't mind the traffic.","He should drive faster.","—","A","ผญหยิบประโยคของผชขึ้นมาขยี้ 'You said the traffic would be light' มุ่งชี้ประเด็นชัดๆว่า ความผิดทั้งหมดมาจากเจ้าตัวที่ให้ความเชื่อมั่นว่ารถโล่ง ทำให้มาผิดเวลา","[{""name"":""Woman"",""text"":""We're going to miss the start of the game, you know."",""speaker"":""A""},{""name"":""Man"",""text"":""Yes. You said the traffic would be light on a Monday."",""speaker"":""B""},{""name"":""Woman"",""text"":""Well, it usually is."",""speaker"":""A""}]",,,,"B1","medium","true","0","2026-04-12 17:37:09.643115","2026-04-12 17:37:09.643115"
"834","focus-meaning","What does the mother mean?","You should put them away.","I've told you where to find them.","You ought to know where they are.","—","C","แม่ออกโรงแย้งสวนกลับลูกสาวเลยว่า 'They're where you put them' (กางเกงที่ไปวางไว้ก็ตัวตรงจุดนั่นแหละไปกางดูสิ) บ่งบอกว่าลูกก็ต้องหัดจำเสียเองสิเอาไปยัดตรงไหน","[{""name"":""Woman"",""text"":""Mum, where are my jeans?Mother: They're where you put them, Lucy."",""speaker"":""A""}]",,,,"B1","medium","true","0","2026-04-12 17:37:09.643115","2026-04-12 17:37:09.643115"
"835","focus-meaning","What does the woman mean?","She is finished with her work.","She works every day of the week.","She works on Saturday and Sunday.","—","C","ในเมื่อผู้หญิงบอกปฏิเสธแต่ไปเน้นที่วันหยุด 'No, I only work on weekends' จุดมุ่งหมายคือแปลตัวความหมายได้ชัดว่าก็ทำงานเฉพาะคิวตารางที่มีคือวันเสาร์กับอาทิตย์เท่านั้น","[{""name"":""Woman"",""text"":""Do you work on Mondays?"",""speaker"":""A""},{""name"":""Man"",""text"":""No, I only work on weekends."",""speaker"":""B""}]",,,,"B1","medium","true","0","2026-04-12 17:37:09.643115","2026-04-12 17:37:09.643115"
"836","focus-meaning","What does the woman mean?","She works until 2 p.m.","She begins work at 2 p.m.","She finishes work at 10 a.m.","—","A","เพื่อนผู้หญิงระบุกติกาขอบเขตงานว่ารับกะตั้งเเต่ช่วงเวลา '10 a.m. to 2 p.m.' ส่งผลสรุปใจความย่อได้ว่า เวลาเสร็จสิ้นกิจกรรมที่ต้องสแตนด์บายของเธอคือสิ้นสุดลงในเวลาบ่ายสองของวัน","[{""name"":""Woman"",""text"":""What time do you finish work today?"",""speaker"":""A""},{""name"":""Man"",""text"":""I work from 10 a.m. to 2 p.m."",""speaker"":""B""}]",,,,"B1","medium","true","0","2026-04-12 17:37:09.643115","2026-04-12 17:37:09.643115"
"837","focus-meaning","What does the woman mean?","I don't have it.","I am looking for it.","I can give it to you.","—","C","พอดนตรีพนักงานถามหาพจจนานุกรม ผู้หญิงใจดีให้ความร่วมมือ 'Sure. No problem.' (เอาสิเจ้านาย ไม่มีประเด็น) แสดงว่าเธอพร้อมกระตือรือร้นสามารถหยิบยืนของตรงหน้าเเจกจ่ายให้","[{""name"":""Woman"",""text"":""Excuse me. Can you pass me the dictionary?"",""speaker"":""A""},{""name"":""Man"",""text"":""Sure. No problem. Here you are."",""speaker"":""B""}]",,,,"B1","medium","true","0","2026-04-12 17:37:09.643115","2026-04-12 17:37:09.643115"
"838","focus-meaning","What does the woman mean?","She often talks about family holidays.","She rarely got to see her cousins on holidays.","She usually traveled long distances for holidays.","—","B","หญิงสาวบอกแผ่วๆบ่นเล่าถึงชีวิตหลีกตัวความเหงาแต่ก่อนว่า 'Mine lived so far away' (ญาติฝั่งบ้านฉันดันอาศัยอยู่ห่างไกล) หมายความว่าโอกาสแกร่วไปดวลปาร์ตี้จึงไม่มีง่ายๆ ได้เจอน้อยครั้งสุดๆ","[{""name"":""Woman"",""text"":""When I was growing up, my cousin’s family would always come over to our place for the holidays."",""speaker"":""A""},{""name"":""Man"",""text"":""I wish I could say the same! Mine lived so far away."",""speaker"":""B""},{""name"":""Woman"",""text"":""Yes, we were pretty fortunate."",""speaker"":""A""}]",,,,"B1","medium","true","0","2026-04-12 17:37:09.643115","2026-04-12 17:37:09.643115"
"839","focus-meaning","What does the woman mean?","She doesn't know the artist.","She doesn't like the painting.","She doesn't understand the question.","—","B","ฝ่ายคนดูแอบแคลงใจและตอบกลับรวดเร็ว 'Do you really think so?' (เหรอ คุณคิดว่าเป็นจริงขนาดนั่นเลยป้ะ) โดยปกติเชิงอนุมานความหมายมันคือการที่เธอทักท้วงและไม่นิยมชมชอบศิลปิน/ภาพชิ้นนั่น","[{""name"":""Woman"",""text"":""Isn't he a great painter?"",""speaker"":""A""},{""name"":""Man"",""text"":""Do you really think so? I'm not so sure."",""speaker"":""B""}]",,,,"B1","medium","true","0","2026-04-12 17:37:09.643115","2026-04-12 17:37:09.643115"
"840","focus-meaning","What does the woman mean?","She tried different foods at the hotel.","She did not eat at the hotel.","She did not like the hotel.","—","C","ผู้หญิงวิจารณ์ทริปลงแรงมาว่าบรรยากาศ 'the food was better than the hotel' (ในมุมมองอาหารการกินเด็ดกว่าโรมแรมหลักอีกอ่ะนะ) ให้ตีความคือเธอประทับใจอาหารเเต่โรงแรมกลับทำได้ไม่เอาไหนน่าผิดหวัง","[{""name"":""Man"",""text"":""How was your vacation?"",""speaker"":""A""},{""name"":""Woman"",""text"":""Well, the food was better than the hotel."",""speaker"":""B""}]",,,,"B1","medium","true","0","2026-04-12 17:37:09.643115","2026-04-12 17:37:09.643115"
"841","focus-meaning","What does the man mean?","He is inviting the woman to the museum.","He wants to know if she liked the museum.","He thinks the woman should go to the museum.","—","C","ชายที่แนะนำนั้นบอกว่า 'visit the museum' (อย่าลืมแวะโชว์ไปพิพิธภัณฑ์ศิลปะเด็ดขาด) คือการที่ชายโยนความคาดหวังให้เธอเข้าไปสัมผัสสถานที่ใหม่แห่งนี้เมื่อวคราวเดินทางไปนคร","[{""name"":""Man"",""text"":""If you go to New York, visit the museum."",""speaker"":""A""},{""name"":""Woman"",""text"":""I went last year. It was great."",""speaker"":""B""}]",,,,"B1","medium","true","0","2026-04-12 17:37:09.643115","2026-04-12 17:37:09.643115"
"842","focus-meaning","What does the woman mean?","I don't think Jack is annoying.","I think you are right about Jack.","I've changed my mind about Jack.","—","B","ผู้หญิงบอกเสริมเข้าไปว่า 'I couldn't agree more' (ไม่มีอะไรที่ฉันจะสามารถเห็นชอบด้วยไปกว่าประโยคนี้อีกแล้วล่ะ = เห็นด้วยสุดติ่ง) หมายความว่าเราคิดเหมือนนายเป๊ะทุกข้อสรุปเลยทีเดียวล่ะ","[{""name"":""Man"",""text"":""Jack is so annoying."",""speaker"":""A""},{""name"":""Woman"",""text"":""I couldn't agree more."",""speaker"":""B""}]",,,,"B1","medium","true","0","2026-04-12 17:37:09.643115","2026-04-12 17:37:09.643115"
"843","focus-meaning","What does the woman mean?","She won't have to pay a fine for driving too fast.","She didn't understand the policeman.","The policeman said the road was dangerous.","—","A","ประโยคจากปากฝั่งผู้คุมจราจรได้เตือนไว้คือ 'letting me off with just a warning' (ถูกปล่อยตัวมาพร้อมกับแค่เสียงสั่งสอนเท่านั้น) นำมาซึ่งข่าวดีคือหญิงขับรถซิ่งคนนี้ไม่ต้องถูกปรับหรือจับเข้ากรงเลย","[{""name"":""Woman"",""text"":""Did you get a speeding ticket? What did the policeman say?"",""speaker"":""A""},{""name"":""Man"",""text"":""He said he was letting me off with just a warning."",""speaker"":""B""}]",,,,"B1","medium","true","0","2026-04-12 17:37:09.643115","2026-04-12 17:37:09.643115"
"844","focus-meaning","What does the man mean?","His mother isn't sick anymore.","He doesn't see his mother often.","His mother still doesn't feel very well.","—","A","การที่ผู้ชายรายงานอาการของสุดที่รักมาว่าคุณแม่ 'feeling much better.' (สัมผัสได้ถึงสภาวะที่ปังที่โอเคขึ้นเยอะมากก) ส่งท้ายความหมายคือคุณแม่ของเขานั่นได้หายเจ็บไข้พ้นช่วงเวลาป่วยร้ายๆ เติบโตแข็งแรงแล้ว","[{""name"":""Woman"",""text"":""How is your mother going?"",""speaker"":""A""},{""name"":""Man"",""text"":""She's feeling much better. Thanks."",""speaker"":""B""}]",,,,"B1","medium","true","0","2026-04-12 17:37:09.643115","2026-04-12 17:37:09.643115"
"845","focus-meaning","What does the man mean?","He can't do the dishes later.","He wants the woman to wash the dishes.","The woman doesn't need to wash the dishes.","—","C","เมื่อฝ่ายชายแจ้งว่าจะชดเชยการลืมล้างแบบนี้ด้วยว่า 'I did them when I got home' (ชิวๆน้าเค้าล้างจานทำอะไรให้เสร็จทันทีที่มาถึงบ้านเเล้ว) ฝ่ายผู้หญิงก็เลยรอดสบาย ไม่ต้องง้อเข้ากะล้างจานต่อดึกๆดื่นๆ","[{""name"":""Woman"",""text"":""I'm sorry, I forgot to wash the dishes this morning."",""speaker"":""A""},{""name"":""Man"",""text"":""It's okay. I did them when I got home."",""speaker"":""B""}]",,,,"B1","medium","true","0","2026-04-12 17:37:09.643115","2026-04-12 17:37:09.643115"
"846","focus-meaning","What does the man mean?","He prefers staying at home this time.","He always goes to the same place for vacation.","He wants to travel to a place with cool weather.","—","C","ผู้ชายแจ้งสาเหตุย้ำๆ ว่าตนเองทนร้อนกับอุณหภูมิอากาศนี้ไม่ได้ ('can't stand the heat') คือหมายถึงเขาไม่อยากไปใกล้ความร้อน ทำให้ต้องหนีกระเสือกกระสนที่จะเลือกจุดหมายปลายทางให้เป็นบรรยากาศเย็นสบายตัวขึ้น","[{""name"":""Man"",""text"":""Where are you going for summer vacation?"",""speaker"":""A""},{""name"":""Person B"",""text"":""Definitely somewhere away from here. I can't stand the heat."",""speaker"":""B""}]",,,,"B1","medium","true","0","2026-04-12 17:37:09.643115","2026-04-12 17:37:09.643115"
"847","focus-meaning","What does the father mean?","He wants to go with his son.","He will talk to his son later.","He needs his son's phone.","—","B","คุณพ่อส่งลูกหลานขึ้นบขสเสร็จบอกว่ามีธุระ 'Give me a call tonight.' ฝ่ายพ่อจะอยากติดต่อคุยอะไรนิดหน่อย หมายความถึงการกระทำว่า ตัวคุณพ่อนั่นเองยินยอมเเละจะดำเนินการติดต่อพูดคลุกคลีอีกครั้งช่วงค่ำคืนนี้แน่นอน","[{""name"":""Father"",""text"":""Are you leaving now?"",""speaker"":""A""},{""name"":""Father"",""text"":""Yes, the bus is here."",""speaker"":""B""},{""name"":""Father"",""text"":""Okay. Give me a call tonight."",""speaker"":""A""}]",,,,"B1","medium","true","0","2026-04-12 17:37:09.643115","2026-04-12 17:37:09.643115"
"848","focus-meaning","What does the woman mean?","The restaurant is close to school.","People will have dinner on the beach.","The class will meet at the main building.","—","A","จากเส้นทางการนัด ร้านดินเนอร์ยอดฮิตนั้นหางายเพราะไปกระจุก 'next to the main school building' เป็นป้ายตัวชี้จุดหมายได้ดีให้รู้ชัดๆเลยว่า ระยะระหว่างร้านเป้าหมายมันชิดแทบทะลุกับตัวกำแพงตึกของโครงสร้างสถานการศึกษา","[{""name"":""Woman"",""text"":""Do you know where the class is meeting for dinner?"",""speaker"":""A""},{""name"":""Man"",""text"":""At Thai Lotus Restaurant, right next to the main school building."",""speaker"":""B""}]",,,,"B1","medium","true","0","2026-04-12 17:37:09.643115","2026-04-12 17:37:09.643115"
"849","focus-meaning","What does the woman mean?","She likes many types of art.","She wants to learn more about art.","She prefers not to share her opinion.","—","A","คนถูกทักบอกปัดตอบกลับว่าจริงๆ 'tastes is so fixed' (รสนิยมฉันไม่ได้คับแคบทายไม่ได้จ้ะ) สัมผัสความรู้สึกนี้แสดงถึงธรรมชาติของหญิงที่เธอเปิดกว้างใจยอมรับศิลปะได้แบบหลາກสไตล์ ไม่มีกรอบข้อบัญญัติใดๆมาตีกั้นความอินดี้ส่วนตัวได้","[{""name"":""Woman"",""text"":""How would you describe your taste in art?"",""speaker"":""A""},{""name"":""Man"",""text"":""Oh, I can't really say my taste is so fixed."",""speaker"":""B""}]",,,,"B1","medium","true","0","2026-04-12 17:37:09.643115","2026-04-12 17:37:09.643115"
"850","focus-meaning","What does the husband mean?","The wife should do things faster.","The wife ought to go to sleep earlier.","The wife needs more time to get ready.","—","A","สามีบ่นแควะคนสวยว่าสาเหตุที่เสียเวลาเนี่ยเพราะ 'you take your time getting ready' (เธอก็ยื้อเวลาและโอ้เอ้เอาแต่เเต่งองค์ทรงเครื่องช้าเองนินา) เป็นสารอ้อมโลกคอยเหน็บว่าก็เธอน่าจะเตรียมการให้ไวกว่านี้เยอะก็สิ้นเรื่อง","[{""name"":""Husband"",""text"":""I've been so late leaving for work in the morning."",""speaker"":""A""},{""name"":""Husband"",""text"":""That's because you take your time getting ready."",""speaker"":""B""}]",,,,"B1","medium","true","0","2026-04-12 17:37:09.643115","2026-04-12 17:37:09.643115"
"851","focus-meaning","What does the man mean?","Have you practiced your presentation yet?","Did someone help you with your presentation?","Do you want me to listen to your presentation?","—","C","ชายเพื่อนแสนใจดีบอกข้อจำกัดว่า 'Would it help to practice? I'm right here.' (สนจะดึงเค้าไปเสริมเพื่อซ้อมให้มั่นใจก่อนลงสนามป่าว ตัวก็ยืนรับใช้อยู่นิไง) เป็นการเสนอแง่ที่ต้องการอาสาเล่นแผลงๆทดลองตั้งใจฟังพรีเซนต์เผื่อว่าเธอจะรับออฟเฟอร์","[{""name"":""Man"",""text"":""I'm giving a presentation at work tomorrow and I'm so nervous."",""speaker"":""A""},{""name"":""Person B"",""text"":""Would it help to practice? I'm right here."",""speaker"":""B""}]",,,,"B1","medium","true","0","2026-04-12 17:37:09.643115","2026-04-12 17:37:09.643115"
"852","focus-meaning","What does the man mean?","He won't wash his car.","His car isn't very dirty.","He doesn't like the rain.","—","A","ฝ่ายชายตกลงพิจารณาและเบรคกิริยาไม่ล้างรถแล้วดีกว่าเพราะเดี๋ยวฝนโปรยลงมาแหงม 'not going to bother washing' สิ่งที่เกิดขึ้นคือเขากลายเป็นคนขี้เกียจ ไม่ยอมทำตามขั้นตอนการล้างเปียกฉ่ำและไม่ไปคาร์ปาร์ดอีกเลย","[{""name"":""Man"",""text"":""I'm not going to bother washing the car. It's going to rain later."",""speaker"":""A""},{""name"":""Person B"",""text"":""Yes, I heard that on the news this morning."",""speaker"":""B""}]",,,,"B1","medium","true","0","2026-04-12 17:37:09.643115","2026-04-12 17:37:09.643115"
"853","focus-meaning","What does the man mean?","The book was very difficult.","It took one day to read the book.","He was too busy to finish the book.","—","A","หนุ่มใหญ่วัยฉกรรจ์ประเมินตำราเรียนว่าเอาจริงๆนะ 'had a hard time with a lot of it' (เผชิญชะตากรรมดิ้นรนเจียนตายเลยกว่าจะรอดผ่านจุดเหล่านั้นมา) สรุปจากแก่นแท้ก็คือวรรณกรรมของบทนี้มันมีรายละเอียดที่โหดหินสุดยากมากๆ","[{""name"":""Man"",""text"":""What did you think of that book?"",""speaker"":""A""},{""name"":""Person B"",""text"":""I had a hard time with a lot of it."",""speaker"":""B""}]",,,,"B1","medium","true","0","2026-04-12 17:37:09.643115","2026-04-12 17:37:09.643115"
"854","focus-meaning","What does the woman mean?","The man needs to call the computer repair store.","The man can use the woman's computer.","The man should buy a new computer.","—","B","ผญหยิบข้อเสนอที่ให้ประโยชน์มากกว่าเพื่อแก้ไขเหตุวิกฤต 'Do you want to use mine?' (งั้นแล็บทอปในเคสฉุกเฉินนี่ขอให้ใช้ของเค้าแก้ขัดแทนมั้ยตัว) จากสถานการณ์ผู้ชายถือดีว่ามีสิทธิ์ที่จะคว้าเเละใช้คอมหล่อนแทนเป็นการบรรเทาสถานะตอนนี้ได้","[{""name"":""Woman"",""text"":""I really need to take my computer to the shop. It's broken again."",""speaker"":""A""},{""name"":""Man"",""text"":""Do you want to use mine?"",""speaker"":""B""}]",,,,"B1","medium","true","0","2026-04-12 17:37:09.643115","2026-04-12 17:37:09.643115"
"855","focus-meaning","What does the woman mean by her FIRST statement?","She wants to help the man fix his computer.","She believes the man needs to buy a new computer.","She thinks the man needs to use the computer more.","—","C","มนุษย์แม่ตำหนิฝ่ายรับเข้าเต็มๆหูเลยว่า 'You need to get with the times!' (นี่มันยุคไหนละ โฉมหน้านายควรทำตัวให้ทันกับเครื่องไม้ประดับอัจฉริยะซะบ้างสิ!) ขยายบริบทของประโยคนี้แสดงการเน้นความคาดหวังให้ฝึกปรือเล่นเครื่องโน้ตบุ๊กเทคโนโลยีบ้าง","[{""name"":""Mother"",""text"":""Are you still writing letters by hand? I can't believe it. You need to get with the times!"",""speaker"":""A""},{""name"":""Girl"",""text"":""What do you mean?"",""speaker"":""B""},{""name"":""Mother"",""text"":""I got you this computer last year and you've hardly touched it."",""speaker"":""A""}]",,,,"B1","medium","true","0","2026-04-12 17:37:09.643115","2026-04-12 17:37:09.643115"
"856","focus-meaning","What does the man mean by his FIRST comment?","He regularly saw his cousins during the holidays.","He often traveled to his cousin's house for holidays.","He wishes he could see his cousins during holidays.","—","A","สิ่งที่เกิดประจำของบ้านก็คือตัวบรรดาญาติๆๆๆๆพี่น้อง 'would always come over' คือมักจะดิ่งมาสิงที่ลานจอดกางเต็นท์ทที่บ้านหลักตลอดในวันหยุดต่างๆนานา มันสะท้อนว่าทุกๆฤดูเทศกาลความจริงพวกเขาโคตรจะใกล้ชิดและเจอหน้าสังสรรค์กันตลอดเวลา","[{""name"":""Man"",""text"":""When I was growing up, my cousin's family would always come over to our place for the holidays."",""speaker"":""A""},{""name"":""Person B"",""text"":""I wish I could say the same. Mine lived so far away."",""speaker"":""B""},{""name"":""Man"",""text"":""Yes, we were pretty fortunate."",""speaker"":""A""}]",,,,"B1","medium","true","0","2026-04-12 17:37:09.643115","2026-04-12 17:37:09.643115"
"857","focus-meaning","What does the woman mean?","She often likes to talk about family holidays.","She rarely got to see her cousins on holidays.","She usually traveled long distances for holidays.","—","B","ประวัติวัยเยาว์หญิงสาวบอกปัดความรู้สึกฟินๆแบบนั้นไปเลยอ้างว่าญาติตัวเองพักอยู่ไกลแสนไกล ('Mine lived so far away') ซึ่งก็ตรงประเด็นมากว่าเมื่อก่อนระยะทางคืออุปสรรคจึงทำให้กลุ่มตระกูลพวกเขาโคตรจะแทบขาดโอกาสใช้ชีวิตมารวมตัวเฮฮาด้วยกันเลย","[{""name"":""Woman"",""text"":""When I was growing up, my cousin's family would always come over to our place for the holidays."",""speaker"":""A""},{""name"":""Man"",""text"":""I wish I could say the same. Mine lived so far away."",""speaker"":""B""},{""name"":""Woman"",""text"":""Yes, we were pretty fortunate."",""speaker"":""A""}]",,,,"B1","medium","true","0","2026-04-12 17:37:09.643115","2026-04-12 17:37:09.643115"
"858","focus-meaning","What does the woman mean?","The professor gave useful homework.","The professor was helpful to his students.","The professor presented interesting lecture topics.","—","B","ผู้หญิงเชียร์ว่าที่ปรึกษาวิชาเป็นสุดยอดครูเพราะ 'bends over backwards' (คือระดับตัวพ่อลั่นโหมโรงขวนขวายทำสิ่งยากดุจนายพรานเพื่อช่วยเหลือลูกศิษย์เต็มคาราเบล) อันเป็นที่เข้าใจแล้วว่าอาจารญ์คนนี้มีความตั้งใจและสละเวลาทุ่มพลังช่วยเหลือเหล่านักศึกษาตลอด","[{""name"":""Man"",""text"":""I hear this professor's class is challenging."",""speaker"":""A""},{""name"":""Woman"",""text"":""Actually, he really bends over backwards for us with those extra sessions."",""speaker"":""B""}]",,,,"B1","medium","true","0","2026-04-12 17:37:09.643115","2026-04-12 17:37:09.643115"
"859","focus-meaning","What does the man mean?","He can't find his keys.","He left his keys at work.","Somebody took his keys.","—","A","ฝั่งประโยคคำถามผู้หญิงสงสัยว่ารึนายลืมกุญแจไว้โซนโต้รุ่งทำงานใช่ไหมที่รัก ('Did you have them at work?') เมื่อมาประเมินรวมกับอาการร้อนรุ่มที่ผู้ชายร่ายหา แสดงว่าเขาสิ้นท่าในการหากุญแจและจนปัญญามืดแปดด้านที่จะรู้จุดเก็บรักษานางไว้ที่ไหนสักแห่งในตอนนี้","[{""name"":""Woman"",""text"":""I've lost my keys!"",""speaker"":""A""},{""name"":""Man"",""text"":""Did you have them at work?"",""speaker"":""B""}]",,,,"B1","medium","true","0","2026-04-12 17:37:09.643115","2026-04-12 17:37:09.643115"
"860","focus-meaning","What does the man mean?","I can't see the clock from here.","I don't understand you.","I don't know the time.","—","C","หนุ่มยืนเฉยเบลอๆส่ายหัวตอบไม่สู้ด้วยประโยคว่า 'Sorry. I don't have a watch.' (อภัยให้กระผมด้วยนะนายจ๋า ที่ผ่านมาฉ้านนไม่ได้ครอบครองแม้กระทั้งนาฬิกาเลยขอรับ) เป็นการตีความได้ตรงๆว่าการที่ไม่ถือหาสัญญาณหน้าปัดนาฬิกานั่นก็เท่ากับตัวผชไม่อาจล่วงรู้เวลาว่าบัดนี้เป็นกี่โมงตามคำขอของนางรึ","[{""name"":""Man"",""text"":""What time is it? I think I'm late."",""speaker"":""A""},{""name"":""Person B"",""text"":""Sorry. I don't have a watch."",""speaker"":""B""}]",,,,"B1","medium","true","0","2026-04-12 17:37:09.643115","2026-04-12 17:37:09.643115"
"861","focus-meaning","What does the man mean?","He spent a long time in China.","He visited China a long time ago.","He has wanted to go to China for a long time.","—","B","ชายพูดเสริมลอยๆเชิงกระเซ้าเย้าแหย่ถึงอดีตว่าจริงๆ 'I haven't been there in years.' (ในทริปช่วงจีนแผ่นดินใหญ่นี่ข้าน้อยไม่ได้ลงจอจอดทอดเรือนับหลายขวบปีแล่ว) ชี้เป็นชี้ตายความหมายก็คือนับย้อนหลังทริปท่องเที่ยวที่ว่านี้เขาเพิ่งเคยจะได้ผงาดไปแอ่วชมเมื่อนมนานมาแล้วในยุคหนึ่งแค่นั้นเอง","[{""name"":""Man"",""text"":""Our family loves to travel. We just came back from China."",""speaker"":""A""},{""name"":""Person B"",""text"":""You're so lucky. I haven't been there in years."",""speaker"":""B""}]",,,,"B1","medium","true","0","2026-04-12 17:37:09.643115","2026-04-12 17:37:09.643115"
"862","focus-meaning","What does the woman mean?","She wants to know where the man was during the meeting.","She is explaining why she couldn't attend the meeting.","She is asking what the meeting was about.","—","A","เมื่อฝ่ายกงสีหญิงเข้ามาเคลียร์และถามไถ่ว่า 'What was up?' (มีเรื่องป่วนประสาทอันใดหรือถึงพลาดเข้าซุ้มประชุมวันนี้จ้ะเพื่อน) ซึ่งเป็นการซักไซ้เจาะจงความอยากรู้เพื่อไต่สวนหาตอเหตุลึกลงไปว่าผู้ชายได้ซุกตัวหายตัวหลบค่ายอยู่ที่หนไดในวิกฤติช่วงตอนทำประชาคม","[{""name"":""Woman"",""text"":""We missed you at the meeting this morning. What was up?"",""speaker"":""A""},{""name"":""Man"",""text"":""I got caught up on a phone call until noon."",""speaker"":""B""}]",,,,"B1","medium","true","0","2026-04-12 17:37:09.643115","2026-04-12 17:37:09.643115"
"863","focus-meaning","What does the woman mean?","The woman doesn't know what to do with her friend's bag.","The woman won't go out with her friend anymore.","The woman can't explain her friend's behavior.","—","C","สาวอิมพอร์ตหงุดหงิดใจกับเพื่อนสุดพิลึกแล้วได้ระบายออกชัดว่า 'I'm not sure what to make of it.' หมายความว่าแอบเหงื่อแห้งตายและมึนตึบที่จู่ๆเพือนสนิทรีบโหมกระพุนหายตัวปัดตูดเดินหนี เลยหาเหตุและผลเชื่อมโยงไม่ปะประติดประต่อไม่ได้แน่ชัดว่าอะไรชักใยอาการอันน่างุนงงนี้หลังการหิ้วแฟ้มกระเผ่น","[{""name"":""Woman"",""text"":""One moment my friend and I were having fun, and the next she up and left with her bag. I'm not sure what to make of it."",""speaker"":""A""},{""name"":""Man"",""text"":""Don't worry. I'm sure it has nothing to do with you."",""speaker"":""B""}]",,,,"B1","medium","true","0","2026-04-12 17:37:09.643115","2026-04-12 17:37:09.643115"
"864","focus-meaning","What does the man mean?","He wishes he had seen the interview.","He decided not to watch the interview.","He plans to watch the news more often.","—","A","คนผู้ชายฟาดไหล่ตบเข่าบ่นเสียดายโอกาสอันสูญหายด้วยคำพูดที่ว่า 'If I had known it was on, I would have been sure to watch.' แสดงถึงมิติเวลาคู่ขนานว่าจริงๆแล้วลึกๆในหลืบใจนั้นนายคนนี้เฝ้าถวิลหาตั้งหน้ารอดูให้ลุล่วงแล้วและเสียดายมากๆที่เป็นคนพลาดที่จะไม่ได้เชยชมสัมภาษณ์ที่ออกรายการซะนี่","[{""name"":""Man"",""text"":""Hey, did you catch my interview on News Tonight?"",""speaker"":""A""},{""name"":""Person B"",""text"":""No. If I had known it was on, I would have been sure to watch."",""speaker"":""B""}]",,,,"B1","medium","true","0","2026-04-12 17:37:09.643115","2026-04-12 17:37:09.643115"
"865","focus-meaning","What does the man mean?","He paid someone to plant the bushes.","He planted the bushes very quickly.","He is a professional gardener.","—","A","นายสวนกลับเลยทำแปปเดียวแหละเรื่องปลูกเนี่ยเพราะเค้ามีดีกรีจ้างมือโปรมาเนรมิตให้อย่างไว ('had it done professionally') ก็คือตอบเป็นภาษาตรงตัวโดยไม่ต้องสงสัยเลยว่านายตัวดีเนี้ยเขายอมเสียอัฐกระเป๋าไปกับการหาใครสักคนยอดฝีมือมือมารับจ๊อบพรวนดินขุดปลูกพุ่มไม้แทนกำลังแรงกายของตนเองเลยนั่านเอง","[{""name"":""Man"",""text"":""I love what you've done with your backyard. How long did it take you to plant all those bushes?"",""speaker"":""A""},{""name"":""Person B"",""text"":""No time at all. I had it done professionally."",""speaker"":""B""}]",,,,"B1","medium","true","0","2026-04-12 17:37:09.643115","2026-04-12 17:37:09.643115"
"866","focus-meaning","What does the woman mean?","The man should avoid calling attention to himself.","The man has to think of a new way to try to relax.","The man needs to prepare himself carefully for the trial.","—","A","เพื่อนผู้แสนดีมีชั้นเชิงปลอบขวัญสั่งเลยให้สงวนและห้ามแผลงฤทธิ์ท่าทีไปก่อนช่วงนี้ ('keep a low profile') แปลว่าตามหลักมารยาทแล้วนี่คือคำแนะนำเด็ดเพื่อจะเฝ้าระวังผู้ชายไม่ให้ทำตัวบ้าระห่ำเรียกความสนใจของมวลมหาประชาชนเข้ามาดึงดูดสถานะตนเองให้ซวยและเข้าตัวจนท้าทายศาล","[{""name"":""Woman"",""text"":""I'm getting really nervous about the trial."",""speaker"":""A""},{""name"":""Man"",""text"":""I imagine you would be. It might be best to keep a low profile for a while."",""speaker"":""B""}]",,,,"B1","medium","true","0","2026-04-12 17:37:09.643115","2026-04-12 17:37:09.643115"
"867","focus-meaning","What does the woman mean?","The man shouldn't bother taking the class.","She would take the class if it weren't so difficult.","There are already too many students in the class.","—","A","ฝั่งชายอิดออดโวยวายบ่นว่าเสียวสยอง เด็กหญิงจึงสนับสนุนและโต้ประโยคในทางเดียวกันว่า 'it's supposed to be impossible' แปลความหมายอย่างตรงไปตรงมาว่าเธอเชื่อและมีอุดมคติฝังหัวเลยว่าไอรายวิชาบ้าบอที่สุดหินนี้ตัวผู้ชายผู้แสนจะยุ่งวุ่นวายรายนี้ไม่ควรจะกระโดดเข้าไปเป็นนักศึกษาทดลองสมัครวิชานี้เพื่อถล่มจิตใจเปล่าๆ","[{""name"":""Woman"",""text"":""I have a feeling I'll regret enrolling in the World History class."",""speaker"":""A""},{""name"":""Man"",""text"":""Yeah, it's supposed to be impossible. Plus, you're already very busy."",""speaker"":""B""}]",,,,"B1","medium","true","0","2026-04-12 17:37:09.643115","2026-04-12 17:37:09.643115"
"868","focus-meaning","What does the husband mean?","His sister might stay home during the vacation.","He needs to cancel his trip to visit his sister.","His sister agreed to pay for the family vacation.","—","A","หนุ่มสามีประเมินน้องของสาวๆว่า 'money is tight for her right now.' (สถานภาพการเงินเขาค่อนข้างตึงช็อตจนชักหน้าไม่ถึงหลังดึงเหงื่อเชียวล่ะนทีนี้) แปลว่ารายนี้น้องส่าวของเขาไม่น่าเหลือทรัพยสินมาร่วมทำทุนดวงเที่ยวทริปสกีแพงๆ จึงอาจเป็นผู้แพ้หมดโอกาสชวดพักอาศัยที่ห้องที่บ้านไม่ได้มาปาร์ตี้เที่ยวเล่นสังสรรค์ในงานฤทธิ์นี้ด้วยแน่ๆเป็นอย่างยิ่ง","[{""name"":""Husband"",""text"":""Is your sister still planning on joining us for winter vacation?"",""speaker"":""A""},{""name"":""Man"",""text"":""I'm not sure she'll be able to spend it with us. It sounds like money is tight for her right now."",""speaker"":""B""}]",,,,"B1","medium","true","0","2026-04-12 17:37:09.643115","2026-04-12 17:37:09.643115"
"869","focus-meaning","What does the man mean?","Liza Ferretti should admit she lost.","Few people voted for Liza Ferretti.","He agrees Liza Ferretti really won.","—","C","หญิงส่งประเด็นเริ่มเรื่องว่า Lisa โกงความตายเอาชนะนัดไปแล้ว ด้านฝ่ายหนุ่มก็เลยแย้งเชียร์ต่อให้ลุย 'challenge the result in court.' (พุ่งกระเเทกประชันเรียกร้องความจริงเบิกศาล) แสดงออกได้คือเขาเชื่อมั่นว่า Lisa สวมมงชนะลุกลามเหนือกว่าถึงต้องสนับสนุนเต็มร้อยว่าเธอจบนัดได้อย่างคู่ควรและสิทธิ์เป็นของหล่อนแน่นอน","[{""name"":""Woman"",""text"":""I hear Liza Ferretti actually beat her opponent."",""speaker"":""A""},{""name"":""Man"",""text"":""She should really challenge the result in court."",""speaker"":""B""}]",,,,"B1","medium","true","0","2026-04-12 17:37:09.643115","2026-04-12 17:37:09.643115"
"870","focus-meaning","What does the man mean by his SECOND statement?","He will go to buy tickets.","He thinks there aren't any more tickets.","He wants to go to the same show as the woman.","He will cancel the plan.","A","หนุ่มลึกลับผู้ไม่ยอมแพ้ยืนกรานและจะทำการต่อไปบอกว่า 'I'm going to try anyway.' (ไม่ว่าโอกาสจะมืดบอดแต่เขายังคงจะดื้อดึงไปพยายามฝ่าต่อไป) เป็นสิ่งที่ชัดเจนแล้วละว่าเจตนารมณ์แท้จริงคือความมุ่งมั่นที่จะยังพยายามบุกทะลวงไปเข้าคิวซื้อและหาตั๋วเพื่อพาร่างเข้าโชวร์แห่งนั้นต่อชนิดที่ยอมเจ็บไม่ยอมตาย","[{""name"":""Man"",""text"":""Do you think we can get tickets for the show?"",""speaker"":""A""},{""name"":""Person B"",""text"":""I doubt it."",""speaker"":""B""},{""name"":""Man"",""text"":""I'm going to try anyway."",""speaker"":""A""}]",,,,"B1","medium","true","0","2026-04-12 17:37:09.643115","2026-04-12 17:37:09.643115"
"871","focus-meaning","What does the man mean?","He knows the town well.","He wants to live in the area.","His family owns the restaurant.","He likes cooking.","A","ฝ่ายชายบอกถึงความผูกพันธ์เส้นทางสัญจรผู้หญิงแบบภาคภูมิใจในทักษะตัวเองเป็นสำนวนเชิงว่า 'familiar with this area' (คุ้นเคยทางรูปร่างซอกซอยระแวกนี้เป็นเลิศช่ำชองนกกระจอก) คือการย่อความว่าการที่เขาตะลุยผ่านมรสุมและคุ้นเคยก็นำคำจำกัดความไปสู่ข้อยุติว่าตัวของเขานี่แหละเป็นผู้จัดแจ้งรอบรู้แผนที่ตรอกซอกซอยระแวกจุดตั้งร้านแถวทาวน์เมืองนั่นดีเลิศตบมุกได้","[{""name"":""Man"",""text"":""How do you know so many restaurants in town?"",""speaker"":""A""},{""name"":""Woman"",""text"":""I'm very familiar with this area."",""speaker"":""B""}]",,,,"B1","medium","true","0","2026-04-12 17:37:09.643115","2026-04-12 17:37:09.643115"
"872","focus-meaning","What does the man mean?","I can't see the clock from here.","I don't understand you.","I don't know the time.","I don't like watches.","C","ผู้ชายทื่อๆตรงเด่บอกเลยว่าตนไม่ได้มีอุปกรณ์เครื่องจับเวลาไว้บนแขนสักทีเดียวนิ ('I don't have a watch.') จึงถือเป็นการขีดเส้นความจริงออกไปแบบลอยว่าตัวเขานั่นประสบเหตุที่ก็ดันบังเอิญไม่ทราบหรือไม่สามารถส่งคำตอบเวลาและชั่วโมงให้เจ้านายเจ้าขาได้รับรู้","[{""name"":""Man"",""text"":""What time is it? I think I'm late."",""speaker"":""A""},{""name"":""Person B"",""text"":""Sorry, I don't have a watch."",""speaker"":""B""}]",,,,"B1","medium","true","0","2026-04-12 17:37:09.643115","2026-04-12 17:37:09.643115"
"873","focus-meaning","What does the woman mean?","What time do you want to leave?","How long will you be on the airplane?","When are you coming back from New York?","Which airline do you prefer?","A","ผู้หญิงถามทวนย้ำกลับเชิงธุรกิจเกี่ยวกับตั๋วมะกันและเวลาออกเดินทางเพื่อเก็บข้อมูลเพิ่มที่ว่า 'When would you like to fly?' (ในโอกาสนี้คุณลูกค้าอยากจะบินสยายปีกพุ่งวันไหนดีคะ) เป็นการทำหน้าที่ของพนักงานที่สอบถามเพื่อเจาะจงเวลาล่วงหน้าว่าคุณท่านต้องการอยากจะนัดหมายออกเดินทางก้าวออกนอกโลกทิ้งเครื่องที่เวลาโมงยามใดนั่นไง้","[{""name"":""Woman"",""text"":""Good morning. I'd like to get a ticket to New York."",""speaker"":""A""},{""name"":""Man"",""text"":""Of course. When would you like to fly?"",""speaker"":""B""}]",,,,"B1","medium","true","0","2026-04-12 17:37:09.643115","2026-04-12 17:37:09.643115"
"874","focus-meaning","What does the woman mean?","There is no more chicken.","She does not like chicken.","She cannot eat any more chicken.","She wants another dish.","C","ผู้หญิงตอบปฏิเสธเด็ดขาดด้วยข้ออ้างเหตุผลมวลกายเพราะอิ่มจุกถึงคอแล้วว 'I'm full.' ดังนั้นเมื่อผู้ชายเชียร์ให้ทานเนื้อไก่ต่อ จึงตีความพยักพเยิดตอบแบบชัดพุ่งสุดๆว่า ณ โอกาสนี้เธอจะทานเพิ่มอีกไม่ไหวแล้วและถึงลิมิตจุดวิกฤตจนแทบจะยัดอะไรต่อมิอะไรเข้ากระเพาะอาหารไม่เข้าอีกต่อไปแร้ว","[{""name"":""Woman"",""text"":""Would you like some more chicken?"",""speaker"":""A""},{""name"":""Man"",""text"":""I'm full. Thanks, anyway."",""speaker"":""B""}]",,,,"B1","medium","true","0","2026-04-12 17:37:09.643115","2026-04-12 17:37:09.643115"
"875","focus-meaning","What does the woman mean?","She doesn't want the job.","She can't start working now.","She didn't work for two weeks.","She will start tomorrow.","B","นางตัวแทนหญิงบอกรับจ๊อบสตาร์ทคิวตารางงานกันตั้งเเต่วินาทีนี้ทันทีไม่ได้นอกจากต้องเลื่อนไฟลต์เริ่มไปแตะถึง 2 วีคข้างหน้าแน่ะ 'can begin in two weeks.' นัยยะที่ซ่อนมาเพื่อต้องการสื่อก็เป็นการอธิบายให้เห็นภาพรวบยอดได้เลยว่าด้วยวาระในตอนนี้เธอต้องยกธงขาวไม่สามารถกระทำและเริ่มจับปฏิบัติงานในช่วงเวลานี้ไปอย่างไม่มีข้อกังขา","[{""name"":""Woman"",""text"":""Can you start work immediately?"",""speaker"":""A""},{""name"":""Man"",""text"":""No, but I can begin in two weeks."",""speaker"":""B""}]",,,,"B1","medium","true","0","2026-04-12 17:37:09.643115","2026-04-12 17:37:09.643115"
"876","focus-meaning","What does the woman mean?","The interview will be very quick.","The interview will start very soon.","The interview will be at 10 o'clock.","The interview was cancelled.","B","ตัวพี่ชายหน้าตั้งเตือนสะกิดปลุกปั่นด้วยความหวาดเสียวว่า 'Hurry up. You'll be late.' (โว้ยยเร่งด่วนรีบเข้า เดี๋ยวมันจะชวดสายเอานะโว้ย) ซึ่งก็เป็นการย้ำว่าหมายกำหนดการของการที่สาวต้องไปนั่งเก้าอี้และจับเข่าสัมภาษณ์คุยงานต่างๆนานามันเริ่มบีบตูดเข้ามาและกำลังจะเริ่มเข้าฉากในอีกรวดเร็วมากๆในเวลาไม่กี่นาทีข้างหน้าแล้ว!","[{""name"":""Woman"",""text"":""Oh no. My interview is in ten minutes."",""speaker"":""A""},{""name"":""Man"",""text"":""Hurry up. You'll be late."",""speaker"":""B""}]",,,,"B1","medium","true","0","2026-04-12 17:37:09.643115","2026-04-12 17:37:09.643115"
"877","focus-meaning","What does the man mean?","His mother isn't sick anymore.","He doesn't see his mother often.","His mother still doesn't feel very well.","His mother is in the hospital.","A","หลังนางสาวใจบุญเปิดบทถามไถ่ว่าไข้ใจแม่เป็นไงบ้าง เมื่อฝ่ายชายตอบอัปเดตสเตตัสสถานะของคุณแม่มาว่า 'feeling much better.' (สัมผัสได้ถึงอารมณ์บวกฟื้นฟูของสภาวะว่าแข็งแกร่งและดีขึ้นมากก) ท้ายนี้ก็สามารถนำไปสู่ข้อสรุปอันจริงแท้คือมารดาของเขานั่นได้จบหายเจ็บไข้รอดพ้นช่วงเวลาอาการป่วยทรมานสุดแย่และไม่ได้เป็นศพหรือป่วยสาหัสอีกต่อไป","[{""name"":""Woman"",""text"":""How is your mother doing?"",""speaker"":""A""},{""name"":""Man"",""text"":""She's feeling much better. Thanks."",""speaker"":""B""}]",,,,"B1","medium","true","0","2026-04-12 17:37:09.643115","2026-04-12 17:37:09.643115"
"878","focus-meaning","What does the man mean?","He spent a long time in China.","He visited China a long time ago.","He has wanted to go to China for a long time.","He lives in China now.","B","ฝ่ายชายเล่าความหลังแบบพยักพเยิดว่าตนห่างหายไม่ได้ไปร่อนมาเป็นปีๆ นมนานมากๆ แล้ว ('haven't been there in years.') ท้ายสุดนึกถึงว่าทริปที่ดินแดนนั้นในอดีตทำให้ประมวลความหมายออกมาได้ฉลุยว่า ทริปการท่องเที่ยวที่อลังการของเขาในสถานที่นั้นมันจบยุคการเยือนผ่านล่วงช้าไปเป็นเวลายาวนานแสนนานมาแล้วอย่างแท้ทรู","[{""name"":""Man"",""text"":""Our family loves to travel. We just came back from China."",""speaker"":""A""},{""name"":""Person B"",""text"":""You're so lucky. I haven't been there in years."",""speaker"":""B""}]",,,,"B1","medium","true","0","2026-04-12 17:37:09.643115","2026-04-12 17:37:09.643115"
"1041","focus-form","Waiter: Who asked for eggs and coffee?Customer: I ___ .","did","got","took","made","A","ใช้ did แทนคำกริยา asked ใน past tense เพื่อระบุว่า 'ฉันเป็นคนสั่งไข่และกาแฟเอง'",,,,,"A2","medium","true","0","2026-04-13 12:52:46.927988","2026-04-13 12:52:46.927988"
"1042","focus-form","Man: Do you ___ an apple?Woman: Yes, please.","want","wants","to want","wanting","A","ประโยคคำถาม Present Simple ที่ขึ้นต้นด้วย Do ต้องตามด้วยกริยาช่อง 1 ที่ไม่ผัน (Infinitive)",,,,,"A2","medium","true","0","2026-04-13 12:52:46.927988","2026-04-13 12:52:46.927988"
"1043","focus-form","Woman: How far is ___ to the bus stop?Man: Only about a five minute walk.","it","that","this","there","A","ใช้สรรพนาม It ในการกล่าวถึงการลากหรือระยะทาง (ตัวอย่างนี้คือระยะทางไปป้ายรถเมล์)",,,,,"A2","medium","true","0","2026-04-13 12:52:46.927988","2026-04-13 12:52:46.927988"
"1044","focus-form","Woman: How far is ___ to Times Square?Man: You only have to walk about 10 blocks, I think.","it","that","there","this","A","ใช้สรรพนาม It ในการระบุระยะทางคล้ายกับข้อก่อนหน้า รูปประโยคชี้วัดระยะทาง",,,,,"A2","medium","true","0","2026-04-13 12:52:46.927988","2026-04-13 12:52:46.927988"
"1045","focus-form","Man: What are you going to do with all of those apples?Woman: I think ___ a cake.Man: What a great idea!","I make","I'll make","I've made","I was making","B","ใช้ I'll make (will) สำหรับการตัดสินใจเรื่องอนาคตที่จะคิดหรือทำในขณะที่พูดทันที หรือสังเกตจากคำว่า I think",,,,,"A2","medium","true","0","2026-04-13 12:52:46.927988","2026-04-13 12:52:46.927988"
"1046","focus-form","Man: Excuse me – where’s the passport office?Woman: It’s down the street ___ the right, next to the park.","by","on","of","at","B","บุพบทบอกตำแหน่ง 'ด้านซ้าย/ด้านขวา' จะใช้คู่กับ on เสมอ (เช่น on the right, on the left)",,,,,"A2","medium","true","0","2026-04-13 12:52:46.927988","2026-04-13 12:52:46.927988"
"1047","focus-form","Man: Did you watch the basketball game last night?Woman: Yes! It was ___ an exciting game.","so","that","very","such","D","คำว่า such จะใช้นำหน้า a/an + adjective + noun เพื่อเน้นย้ำว่าเป็น...ที่มาก (such an exciting game)",,,,,"A2","medium","true","0","2026-04-13 12:52:46.927988","2026-04-13 12:52:46.927988"
"1048","focus-form","Woman: Do you want your coffee with ___ without milk?Man: With milk, please.","or","for","but","and","A","เป็นตัวเลือกสองทาง (ถามว่าจะใส่นม หรือ ไม่ใส่) ใช้ or เพื่อเชื่อมในความหมายว่า 'หรือ'",,,,,"A2","medium","true","0","2026-04-13 12:52:46.927988","2026-04-13 12:52:46.927988"
"1049","focus-form","Teacher: Have you read many novels this year?Student: No, I haven't read ___ .","some","none","few","any","D","ในประโยคปฏิเสธ (haven't) จะใช้ any แทน some เพื่อสื่อความว่า 'ไม่เลย'",,,,,"A2","medium","true","0","2026-04-13 12:52:46.927988","2026-04-13 12:52:46.927988"
"1050","focus-form","Woman: Look! There's Jack.Man: Wow! I haven't seen him ___ years.","in","from","since","during","A","in years เป็นสำนวนแปลว่า 'เป็นเวลาหลายปี' ใช้เหมือน for years (หมายความว่าไม่ได้เจอกันมาหลายปีแล้ว)",,,,,"A2","medium","true","0","2026-04-13 12:52:46.927988","2026-04-13 12:52:46.927988"
"1051","focus-form","John Jones lives ___ the United States with his wife, Mary.","at","in","on","to","B","สหรัฐอเมริกา (the United States) เป็นประเทศ เมื่อใช้บอกสถานที่ในระดับประเทศเราจะบุพบท in",,,,,"A2","medium","true","0","2026-04-13 12:52:46.927988","2026-04-13 12:52:46.927988"
"1052","focus-form","John Jones lives in the United States with ___ wife, Mary.","his","her","their","our","A","สรรพนามแสดงความเป็นเจ้าของที่แสดงถึง 'จอห์น (ผู้ชาย)' คือ his (เขา)",,,,,"A2","medium","true","0","2026-04-13 12:52:46.927988","2026-04-13 12:52:46.927988"
"1053","focus-form","They ___ two children, Sally and Billy.","has","have","had","having","B","They เป็นประธานพหูพจน์ กริยาที่ใช้ตามด้วยรูป present simple ต้องเป็น have",,,,,"A2","medium","true","0","2026-04-13 12:52:46.927988","2026-04-13 12:52:46.927988"
"1054","focus-form","Sally ___ Billy are their children.","but","and","or","because","B","เป็นการรวมชื่อสองคน (แซลลี่และบิลลี่) จึงต้องใช้ and ที่แปลว่า 'และ' มาเชื่อม",,,,,"A2","medium","true","0","2026-04-13 12:52:46.927988","2026-04-13 12:52:46.927988"
"1055","focus-form","The Jones family spends a lot ___ time together on the weekends.","for","on","of","with","C","คำว่า a lot จะตามด้วยบุพบท of เป็น a lot of + คำนาม แปลว่า จำนวนมาก",,,,,"A2","medium","true","0","2026-04-13 12:52:46.927988","2026-04-13 12:52:46.927988"
"1056","focus-form","The family often goes ___ the park.","at","to","in","on","B","คำว่าไปที่...มักจะใช้รูปแบบ go to + สถานที่เป้าหมาย",,,,,"A2","medium","true","0","2026-04-13 12:52:46.927988","2026-04-13 12:52:46.927988"
"1057","focus-form","Mary likes to sit ___ a park bench and watch her family.","at","in","on","to","C","คำว่านั่งอยู่ 'บน' ม้านั่ง จะใช้ on (บนพื้นผิวบางอย่าง)",,,,,"A2","medium","true","0","2026-04-13 12:52:46.927988","2026-04-13 12:52:46.927988"
"1058","focus-form","Sometimes she ___ a piece of bread to give to the birds.","take","takes","taking","took","B","ประธานคือ Mary เลี่ยงให้เป็น she เป็นประธานเอกพจน์ กริยาที่เติมจึงต้องผันตัวตามเติม s หรือ es",,,,,"A2","medium","true","0","2026-04-13 12:52:46.927988","2026-04-13 12:52:46.927988"
"1059","focus-form","People do ___ want flies around their houses.","not","no","never","none","A","เพื่อทำ do ให้เป็นประโยคปฏิเสธ ต้องตามด้วย not",,,,,"A2","medium","true","0","2026-04-13 12:52:46.927988","2026-04-13 12:52:46.927988"
"1060","focus-form","The best way to reduce the fly population is ___ find where their food comes from.","for","to","at","by","B","เพื่อขยายเป้าหมายว่าเป็น 'วิธีที่จะหา...'(to find) จึงต้องใส่ to เชื่อมข้างหน้าของกริยาช่องที่ 1",,,,,"A2","medium","true","0","2026-04-13 12:52:46.927988","2026-04-13 12:52:46.927988"
"1061","focus-form","Their food comes from ___ to remove it.","try","trying","tried","tries","B","หลังคำบุพบท from จะต้องตามด้วยคำนาม หรือกริยาที่เติม -ing (Gerund) เพื่อแสดความหมายว่าเป็น 'มาจากการพยายามที่จะ...'",,,,,"A2","medium","true","0","2026-04-13 12:52:46.927988","2026-04-13 12:52:46.927988"
"1062","focus-form","___ this doesn't work, you can try hanging clear plastic bags.","Because","If","When","Although","B","If ใช้บอกเงื่อนไขแปลว่า 'ถ้า...' (ถ้าสิ่งนี้ไม่ได้ผล คุณก็ลองแบบนี้...)",,,,,"A2","medium","true","0","2026-04-13 12:52:46.927988","2026-04-13 12:52:46.927988"
"1063","focus-form","Plastic bags ___ are filled with water hang over the door.","what","who","that","where","C","that ใช้แทนคำว่าถุงพลาสติก (Plastic bags) ซึ่งใช้เป็นนามที่ถูกขยายต่อด้วย relative clause",,,,,"A2","medium","true","0","2026-04-13 12:52:46.927988","2026-04-13 12:52:46.927988"
"1064","focus-form","Nobody knows exactly ___ this works.","when","what","why","which","C","แปลตรงตัว why คือ ทำไม รูปประโยคจะสมบูรณ์คือ ไม่มีใครรู้ชัดว่า'ทำไม'สิ่งนี้ถึงเวิร์ก",,,,,"A2","medium","true","0","2026-04-13 12:52:46.927988","2026-04-13 12:52:46.927988"
"1065","focus-form","Man: Where’s Billy?Woman: He’s ___ his bedroom, I think.","in","on","under","between","A","การบอกตำแหน่งอยู่ด้าน 'ในห้อง' หรือสิ่งที่มีขอบเขต จะใช้บุพบท in",,,,,"A2","medium","true","0","2026-04-13 12:52:46.927988","2026-04-13 12:52:46.927988"
"1066","focus-form","Man: How many goals ___ scored in the soccer game yesterday?Woman: Only one, I think.","are","were","have been","were being","B","การถามจำนวนรูปในอดึต ถูกกระทำ ( Passive Voice: ถูกทำประตู) goals เป็นพหูพจน์ใช้ were",,,,,"A2","medium","true","0","2026-04-13 12:52:46.927988","2026-04-13 12:52:46.927988"
"1067","focus-form","Man: Do you want to go running or swimming this weekend?Woman: ___ is fine with me.","All","Both","Every","Either","D","ตัวเลือกให้เลือกระหว่าง A หรือ B สามารถตอบกลับด้วย Either (อันไหนก็ได้/ได้อย่างใดอย่างหนึ่ง)",,,,,"A2","medium","true","0","2026-04-13 12:52:46.927988","2026-04-13 12:52:46.927988"
"1068","focus-form","Girl: Good news. My mother let me ___ at school until five today.Boy: That’s good. We can study for our test together.","stay","stayed","to stay","staying","A","โครงสร้าง let + someone + กริยาช่อง 1 (ไม่ผันและไม่เติม to) มีความหมายว่าอนุญาตให้อีกฝ่ายทำบางอย่าง",,,,,"A2","medium","true","0","2026-04-13 12:52:46.927988","2026-04-13 12:52:46.927988"
"1069","focus-form","Man: This is ___ great picture.Woman: Yes, it is.","a","the","some","an","A","ใช้ Article 'a' เพื่อกล่าวนำหน้าคำนามเอกพจน์ (picture) ที่ใช้คำขยายต้นแบบ consonant sound",,,,,"A2","medium","true","0","2026-04-13 12:52:46.927988","2026-04-13 12:52:46.927988"
"1070","focus-form","Man: Is this David’s phone?Woman: Yes, it is ___ phone.","him","his","he","himself","B","เมื่อกล่าวถึง David ซึ่งเป็นผู้ชาย จึงใช้ possession adjective ว่า his (ของเขา)",,,,,"A2","medium","true","0","2026-04-13 12:52:46.927988","2026-04-13 12:52:46.927988"
"1071","focus-form","Woman: Do you live with your parents?Man: No, I live by ___.","my own","me","myself","mine","C","by myself มีความหมายว่าทำทุกอย่างด้วยตนเอง หรือพักอยู่ด้วยตนเอง (คนเดียว)",,,,,"A2","medium","true","0","2026-04-13 12:52:46.927988","2026-04-13 12:52:46.927988"
"1072","focus-form","Server: Would you like ___ dessert?Customer: No, thank you. I'm full.","some","a","any","the","A","เรามักใช้ some กับประโยคคำถามเพื่อการเสนอสิ่งต่างๆ ให้กับอีกฝ่ายอย่างสุภาพ (เช่น อาหารเครื่องดื่ม)",,,,,"A2","medium","true","0","2026-04-13 12:52:46.927988","2026-04-13 12:52:46.927988"
"1073","focus-form","Woman: Can I borrow a pen?Man: Sorry! I ___ have one.","can’t","won’t","don’t","didn’t","C","ประโยคปฏิเสธรูป present tense กับ I/You/We/They จะใช้ don't (do not)",,,,,"A2","medium","true","0","2026-04-13 12:52:46.927988","2026-04-13 12:52:46.927988"
"1074","focus-form","Woman: ___ did you get home last night?Man: I got a taxi.","What","When","Where","How","D","ถามวิธีการกลับบ้าน (How = อย่างไร) ในประโยคใช้กับการเดินทา่งเป็นแท็กซี่",,,,,"A2","medium","true","0","2026-04-13 12:52:46.927988","2026-04-13 12:52:46.927988"
"1075","focus-form","Man: Are ___ any bananas on the table?Woman: I'm sorry, I ate the last one.","they","this","it","there","D","การถามว่า 'มีไหม' ใช้โครงสร้าง Are there... กับพหูพจน์ ส่วน if singular you use Is there...",,,,,"A2","medium","true","0","2026-04-13 12:52:46.927988","2026-04-13 12:52:46.927988"
"1076","focus-form","Woman: Please ___ talk on your phone in this area, sir.Man: I'm sorry. I will go outside.","no","not","isn’t","don’t","D","การขอร้องห้ามไม่ให้ทำบางอย่างใช้ please + don't + กริยา (ช่อง 1)",,,,,"A2","medium","true","0","2026-04-13 12:52:46.927988","2026-04-13 12:52:46.927988"
"1077","focus-form","Man: Where did you go on vacation?Woman: We went to Florida, and we ___ a great time.","did","had","took","made","B","ตอบคำถามในอดีต (did you go...) และคำว่า 'had a great time' มีความหมายว่าได้รับความสนุกสนาน/ช่วงเวลาดีๆในอดีต",,,,,"A2","medium","true","0","2026-04-13 12:52:46.927988","2026-04-13 12:52:46.927988"
"1078","focus-form","Man: Whose is that fantastic car?Woman: Actually, it’s ___.Man: Lucky you.","theirs","mine","yours","hers","B","ระบุว่า 'ของฉัน' โดดๆ โดยไม่ต้องมีคำนามตามหลัง ใช้ สรรพนาม mine",,,,,"A2","medium","true","0","2026-04-13 12:52:46.927988","2026-04-13 12:52:46.927988"
"1079","focus-form","Woman: I’ll be back in the office early on Monday.Man: Right. ___ a good weekend, then.","get","have","take","make","B","คำอวยพรให้มีช่วงเวลาดีๆ นิยมใช้ have เช่น Have a good weekend, have a good day",,,,,"A2","medium","true","0","2026-04-13 12:52:46.927988","2026-04-13 12:52:46.927988"
"1080","focus-form","Woman: Sorry I didn't make it to the party.Man: What happened?Woman: Oh, I ___ really ill so I couldn’t go.","feel","felt","feels","feeling","B","ประโยคอธิบายว่าป่วยเมื่อวันก่อนหน้า เป็นเรื่องอดีต ใช้ felt เป็นอดีตของคำว่า feel",,,,,"A2","medium","true","0","2026-04-13 12:52:46.927988","2026-04-13 12:52:46.927988"
"1081","focus-form","Man: Are you looking forward ___ your holiday next week?Woman: Yes, I can't wait.","in","to","at","for","B","look forward to เป็นอารมณ์ของการ 'ตั้งตาคอย' เป็นกริยาวลีที่ใช้ to ขยาย",,,,,"A2","medium","true","0","2026-04-13 12:52:46.927988","2026-04-13 12:52:46.927988"
"1082","focus-form","Man: Whose is that money on the table?Woman: It’s ___. I forgot that I left it there last night.","his","mine","ours","yours","B","mine แทนบอกว่าเงินนั้นเป็น 'ของฉัน' ซึ่งย้ำในประโยคหลังว่าฉันลืมทิ้งมันไว้เอง",,,,,"A2","medium","true","0","2026-04-13 12:52:46.927988","2026-04-13 12:52:46.927988"
"1083","focus-form","Man: Do you know Teresa?Woman: Yes, I met her a couple of months ___.","ago","past","away","since","A","การบอกเรื่องราวในอดีตโดยเจาะจงเวลามานานแค่ไหนแล้วจะใช้คำว่า ago (ผ่านพ้นมาแล้ว)",,,,,"A2","medium","true","0","2026-04-13 12:52:46.927988","2026-04-13 12:52:46.927988"
"1084","focus-form","Boy: Shall we go to the movie tonight?Girl: No, we ___ finish our homework first. It has to be in tomorrow.","might","would","could","should","D","should มีความหมายว่า 'ควรจะ' เพื่อเป็นคำแนะนำตัวที่ต้องเร่งทำสิ่งใดสิ่งหนึ่ง",,,,,"A2","medium","true","0","2026-04-13 12:52:46.927988","2026-04-13 12:52:46.927988"
"1085","focus-form","Girl: What did you give your little brother for his birthday?Boy: A toy train ___ chocolate.","filled","done","made","covered","C","ใช้คำว่า made of chocolate แต่ในประโยคเขียนมาแค่ made ก็เพื่อระบุว่าถูกทำ (สร้าง) มาจากช็อกโกแลต",,,,,"A2","medium","true","0","2026-04-13 12:52:46.927988","2026-04-13 12:52:46.927988"
"1086","focus-form","Boy: What have you done to your leg?Girl: Oh, I fell over yesterday and it ___ hurts now.","so","very","quite","really","D","really เป็นคำกริยาวิเศษณ์ใชัขยายความหมายของ hurt ชี้ให้เห็นว่าเจ็บ 'จริงๆ' (แบบมาก)",,,,,"A2","medium","true","0","2026-04-13 12:52:46.927988","2026-04-13 12:52:46.927988"
"1087","focus-form","Woman: I can’t afford to go away on holiday this year.Man: What ___ instead?Woman: I'm not quite sure yet.","do you do","will you do","have you do","were you doing","B","will you do ถามเกี่ยวกับแผนการในการตัดสินใจ ณ ปัจจุบันสำหรับเหตุการณ์ในอนาคต",,,,,"A2","medium","true","0","2026-04-13 12:52:46.927988","2026-04-13 12:52:46.927988"
"1088","focus-form","Man: Does it cost ___ to fly from London to Edinburgh?Woman: I think it's cheaper if you book on the Internet.","many","much","a few","a lot of","B","ราคา หรือเงิน ถือเป็นคำนามนับไม่ได้ ใช้ much",,,,,"A2","medium","true","0","2026-04-13 12:52:46.927988","2026-04-13 12:52:46.927988"
"1089","focus-form","Man: What do you think of Maria?Woman: Well, she struck me ___ very pleasant.","so","as","for","like","B","วลี strike someone as แปลว่า ให้ความประทับใจแว่า... หรือรู้สึกว่าเป้นคนลักษณะ...",,,,,"A2","medium","true","0","2026-04-13 12:52:46.927988","2026-04-13 12:52:46.927988"
"1090","focus-form","Husband: Has Sam said anything about when I should pick him up from the airport?Wife: Yes. He said ___ you at the airport at five o’clock.","he met","he meets","he’s met","he’d meet","D","ใน Reported speech รูปในอดีต (said) ทำให้ we will เปลี่ยนเป็น he'd (would) meet",,,,,"A2","medium","true","0","2026-04-13 12:52:46.927988","2026-04-13 12:52:46.927988"
"1091","focus-form","Boy: Do you like playing this computer game?Girl: No, ___ boring. Shall we choose something else to play?","they’re","it’s","that’s","this is","B","สรรพนามอ้างอิงถึง this computer game ในประโยคคือการใช้ It",,,,,"A2","medium","true","0","2026-04-13 12:52:46.927988","2026-04-13 12:52:46.927988"
"1092","focus-form","Woman: How many children ___ you got?Man: Three. Two girls and a boy.","do","did","have","are","C","ใช้ Have ... got ในรูปประโยคแบบอังกฤษ-อังกฤษ แทนแบบ Have ได้เลยแปลว่ามี",,,,,"A2","medium","true","0","2026-04-13 12:52:46.927988","2026-04-13 12:52:46.927988"
"1093","focus-form","Man: Do you want to come with me to the supermarket?Woman: No, thanks. I don't need ___.","it","something","one","anything","D","การใช้โครงสร้างปฏิเสธ จะใช้ anything เพื่อบอกว่าไม่ได้ต้องการ 'อะไรเลย'",,,,,"A2","medium","true","0","2026-04-13 12:52:46.927988","2026-04-13 12:52:46.927988"
"1094","focus-form","Woman: Can I borrow a pen?Man: Sorry, I ___ have one.","didn't","haven't got","won't","don't","D","ปัจจุบันปฏิเสธที่เข้ากับสรรพนาม I คือคำว่า don't",,,,,"A2","medium","true","0","2026-04-13 12:52:46.927988","2026-04-13 12:52:46.927988"
"1095","focus-form","Girl: Could I ___ your pen for a minute?Boy: Yeah, sure!","borrow","borrowed","lend","lent","A","คำว่า ขอยืม ใช้ borrow (ส่วน lend คือให้ยืม)",,,,,"A2","medium","true","0","2026-04-13 12:52:46.927988","2026-04-13 12:52:46.927988"
"1096","focus-form","Boy: Do you eat brown bread?Girl: Not really. I ___ white better.","like","want","prefer","eat","A","เลือกสิ่งที่ชอบกว่า ใช้ like...better หรือ prefer",,,,,"A2","medium","true","0","2026-04-13 12:52:46.927988","2026-04-13 12:52:46.927988"
"1097","focus-form","Man: ___ wrong?Woman: I don't feel very well.","How’s","What’s","Are you","What’s the","B","What's wrong? เป็นการถามไถ่ว่าเกิดอะไรขึ้น เป็นอะไรหรือเปล่า",,,,,"A2","medium","true","0","2026-04-13 12:52:46.927988","2026-04-13 12:52:46.927988"
"1098","focus-form","Woman: I always travel by bus.Man: Why?Woman: Because it’s ___ than the train.","much cheaper","as cheap","more cheap","cheap","A","ใชัรูปขั้นกว่าของ cheap อย่าง cheaper เพื่อแสดงให้เห็นภาพเปรียบเทียบ ส่วน much เน้นว่ามากกว่าเยอะ",,,,,"A2","medium","true","0","2026-04-13 12:52:46.927988","2026-04-13 12:52:46.927988"
"1099","focus-form","Man: Is Anna here today?Woman: No, ___ at home on Tuesdays.","she is working","she would work","she works","she work","C","เป็นกำหนดเวลาตายตัวหรือกิจวัตรในทุกๆ วันอังคาร ใช้ present simple: she works",,,,,"A2","medium","true","0","2026-04-13 12:52:46.927988","2026-04-13 12:52:46.927988"
"1100","focus-form","Woman: ___ do you do?Man: I'm a chef in a French restaurant.","How","Where","What","Whose","C","ถามถึงอาชีพ นิยมใช้ 'What do you do?'",,,,,"A2","medium","true","0","2026-04-13 12:52:46.927988","2026-04-13 12:52:46.927988"
"1101","focus-form","Girl: Is Sam ___ than you now?Boy: Yes. He's grown a lot recently.","taller","the tallest","more taller","tall","A","ใช้ taller เป็นการเปรียบเทียบระดับขั้นกว่า คู่กับคำว่า than",,,,,"A2","medium","true","0","2026-04-13 12:52:46.927988","2026-04-13 12:52:46.927988"
"1102","focus-form","Woman: Where did you get that book?Man: Peter gave it to ___ yesterday.","me","my","mine","myself","A","กรรมมารองรับกริยา give/gave คือ me (ยืมให้ 'ฉัน')",,,,,"A2","medium","true","0","2026-04-13 12:52:46.927988","2026-04-13 12:52:46.927988"
"1103","focus-form","Boy: When ___ George start learning Spanish?Girl: About two years ago, I think.","did","will","was","does","A","ถามเกี่ยวกับอดีต ใช้ Verb ช่วยช่องสอง คือ did",,,,,"A2","medium","true","0","2026-04-13 12:52:46.927988","2026-04-13 12:52:46.927988"
"1104","focus-form","Woman: Would you like another coffee?Man: No thanks, I’ve had ___.","any","some","much","enough","D","พอแล้วไม่ต้องการเพิ่ม ใช้ enough",,,,,"A2","medium","true","0","2026-04-13 12:52:46.927988","2026-04-13 12:52:46.927988"
"1105","focus-form","Girl: What are your plans for the weekend?Boy: I ___ to the cinema with Kirsty.","go","went","will going","am going","D","เพื่อบอกแผนที่ตัดสินใจและเตรียมการไปแล้ว ใช้ present continuous (am + V.ing)",,,,,"A2","medium","true","0","2026-04-13 12:52:46.927988","2026-04-13 12:52:46.927988"
"1106","focus-form","Man: How long have you been in Australia?Woman: Two months.Man: And do you ___ it in Sydney?","like","live","love","stay","A","ต้องการถามความชื่นชอบต่อเมือง ใช้คำว่า like it in ...",,,,,"A2","medium","true","0","2026-04-13 12:52:46.927988","2026-04-13 12:52:46.927988"
"1107","focus-form","Woman: I always look forward to the summer holidays.Man: So ___ I.","do","am","can","have","A","เมื่อเห็นด้วยกับประโยคบอกเล่ากริยา present จะตอบด้วย So do I",,,,,"A2","medium","true","0","2026-04-13 12:52:46.927988","2026-04-13 12:52:46.927988"
"1108","focus-form","Woman: I’m going to the mountains at the weekend, but I haven't got any climbing boots.Man: Oh, do you want to borrow ___?","my","me","mine","mines","C","ใช้ mine (แปลว่า ของฉัน) แทนได้เพื่อไม่ต้องกล่าวนามนั้นซ้ำสอง",,,,,"A2","medium","true","0","2026-04-13 12:52:46.927988","2026-04-13 12:52:46.927988"
"1109","focus-form","Waiter: Who ordered the soft drink?Man: I did.Waiter: ___ . Enjoy!","Right","Here you are","Who is it?","There","B","เมื่อมีคำถามและต้องการนำไปเสิร์ฟ/มาให้ พนักงานเสิร์ฟจะบอกว่า Here you are.",,,,,"A2","medium","true","0","2026-04-13 12:52:46.927988","2026-04-13 12:52:46.927988"
"1110","focus-form","Woman: You look a bit stressed. What’s the matter?Man: I’m worried ___ my job interview next week.","to","for","of","about","D","วิตกกังวลมักใช้คู่กับ worried about + สิ่งนั้น",,,,,"A2","medium","true","0","2026-04-13 12:52:46.927988","2026-04-13 12:52:46.927988"
"1111","focus-form","Woman: How far is ___ to the bus stop?Man: Just a couple of blocks away.","it","that","this","there","A","ถามระยะทาง ใช้โครงสร้าง How far is it?",,,,,"A2","medium","true","0","2026-04-13 12:52:46.927988","2026-04-13 12:52:46.927988"
"1112","focus-form","Man: What did you think of Paul’s girlfriend?Woman: I thought she was ___ nice, but she talks all the time.","much","quite","some","enough","B","ใช้ quite เป็นเชิงขยาย แปลว่า 'ค่อนข้างดีทีเดียว'",,,,,"A2","medium","true","0","2026-04-13 12:52:46.927988","2026-04-13 12:52:46.927988"
"1113","focus-form","Man: These two coats look the same. Which one is yours?Woman: I think mine’s the one ___ the right.","to","in","for","on","D","ระบุด้านบน-ซ้าย มักใช้ on right, on the left",,,,,"A2","medium","true","0","2026-04-13 12:52:46.927988","2026-04-13 12:52:46.927988"
"1114","focus-form","Girl: How often do you play football?Boy: Actually, I ___ play football.","often","never","always","usually","B","คำว่า Actually แปลว่า ที่จริงแล้ว... ทำให้ความหมายมักตรงข้ามกัน จึงตอบว่า 'ไม่เคย' (never)",,,,,"A2","medium","true","0","2026-04-13 12:52:46.927988","2026-04-13 12:52:46.927988"
"1115","focus-form","Man: Do you spell your name with ___ without an “e”?Woman: It’s Anne with an “e”.","or","for","but","and","A","ให้เลือกทางใดทางหนึ่ง ให้ใช้การเชื่อมว่า or (หรือ)",,,,,"A2","medium","true","0","2026-04-13 12:52:46.927988","2026-04-13 12:52:46.927988"
"1116","focus-form","Woman: Where did you ___ last night?Man: A new pizzeria in town.","go","been","went","going","A","ใช้คำถามอดีตไปแล้วด้วย did ทำตัวกริยาใหญ่ต้องอยู่ในรูป Infinitive (ไป -> go)",,,,,"A2","medium","true","0","2026-04-13 12:52:46.927988","2026-04-13 12:52:46.927988"
"1117","focus-form","Salesperson: I’m sorry, were you waiting a long time?Customer: No, I’ve only been here ___ a few minutes.","since","from","for","in","C","บอกระยะห้วงเวลาต่อเนื่อง ใช้ for",,,,,"A2","medium","true","0","2026-04-13 12:52:46.927988","2026-04-13 12:52:46.927988"
"1118","focus-form","Woman: Did you and Sally go to the meeting last night?Man: No, ___ couldn’t go. Sally wasn’t well.","she","they","we","I","C","การอ้างอิงของสรรพนามในแง่บุคคลที่ 1 หลายคน จะใช้ we",,,,,"A2","medium","true","0","2026-04-13 12:52:46.927988","2026-04-13 12:52:46.927988"
"1119","focus-form","Man: What do you usually ___ in the evenings?Woman: I like to watch Netflix.","do","doing","done","did","A","หลัง Do / Does ประธานกริยาแท้ต้องเปนรูปไม่ผัน ก็คือ do (แปลว่าทำ)",,,,,"A2","medium","true","0","2026-04-13 12:52:46.927988","2026-04-13 12:52:46.927988"
"1120","focus-form","Man: ___ I speak to Mr. Brown, please?Woman: He’s not here, I’m afraid.","Would","Could","Do","Should","B","ใช้ Could I เป็นวิธีการพูดอย่างสุภาพกว่าในการติดต่อหรือขอร้อง",,,,,"A2","medium","true","0","2026-04-13 12:52:46.927988","2026-04-13 12:52:46.927988"
"1121","focus-form","Girl: I thought it was a bit boring.Boy: Me too. The other team didn’t get the ball very much, ___?","are they","didn’t they","do they","did they","D","เป็น question tag เมื่อประโยคหลักเป็น didn't ท้ายประโยคที่เป็น tag จะต้องเป็นบอกเล่าคือ did they",,,,,"A2","medium","true","0","2026-04-13 12:52:46.927988","2026-04-13 12:52:46.927988"
"1122","focus-form","Man: Do you like Rosie?Woman: She’s OK but she doesn’t say much.Man: Yes, she’s a bit ___.","shy","silly","kind","calm","A","คนที่พูดน้อยหรือไม่ค่อยกล้าแสดงออกเข้ากับคำว่า shy",,,,,"A2","medium","true","0","2026-04-13 12:52:46.927988","2026-04-13 12:52:46.927988"
"1123","focus-form","Boy: What’s the homework for tonight?Girl: The teacher ___ us to revise the irregular verbs.","gave","told","spoke","talked","B","บอกกล่าวเพื่อให้ใครทำบางอย่าง ใช้โครงสร้าง told + someone + to do something",,,,,"A2","medium","true","0","2026-04-13 12:52:46.927988","2026-04-13 12:52:46.927988"
"1124","focus-form","Man: The music was fantastic, wasn’t it?Woman: Yes, it was the best concert I’ve ___ been to.","never","ever","just","already","B","เป็นประสบการณ์ที่สุดยอดเท่าที่ 'เคย' ผ่านมา ใช้ ever (ควบคู่ใน present perfect struct.)",,,,,"A2","medium","true","0","2026-04-13 12:52:46.927988","2026-04-13 12:52:46.927988"
"1125","focus-form","Woman: Is ___ any cake in the fridge?Man: Yes. Help yourself.","it","here","that","there","D","เพื่อพูดถามเกี่ยวกับมีนามนับไม่ได้ (cake) ปริมาณเลยใช้ any คู่กับการถาม Is there?",,,,,"A2","medium","true","0","2026-04-13 12:52:46.927988","2026-04-13 12:52:46.927988"
"1126","focus-form","Wife: I can’t find my keys anywhere!Husband: Oh, look! They’re ___ the kitchen floor.","on","by","at","in","A","ตามสถานที่แบบระบุพื้นผิวเรียบจะใช้บอกตำแหน่ง on (อยู่บนพื้น)",,,,,"A2","medium","true","0","2026-04-13 12:52:46.927988","2026-04-13 12:52:46.927988"
"1127","focus-form","Man: She is great! I can’t get ___ how focused her students are!Woman: Yes! They really like her class!","by","after","over","between","C","get over มีความหมายแฝงว่า เลิกทำใจ/ผ่านพ้น ยอมรับใจ (ทำใจมูฟออนจากความทึ่งไม่ได้)",,,,,"A2","medium","true","0","2026-04-13 12:52:46.927988","2026-04-13 12:52:46.927988"
"1128","focus-form","Man: Beautiful curtains!Woman: Thanks, I made them ___.","myself","me","my me","my","A","ทำสิ่งบางอย่างด้วยตัวเอง ย้ำว่าเป็นฝีมือตัวเอง ใช้ myself",,,,,"A2","medium","true","0","2026-04-13 12:52:46.927988","2026-04-13 12:52:46.927988"
"1129","focus-form","Man: I’ve had almost no energy for three days now.Woman: Then you ___ stay home from work. You need to rest.","had to","would best","had better","would better","C","ใช้ had better คล้าย should หมายความว่า 'เป็นการดีทีสุดที่คุณจะ...' ไม่ทำไม่ได้",,,,,"A2","medium","true","0","2026-04-13 12:52:46.927988","2026-04-13 12:52:46.927988"
"1130","focus-form","Woman: You play the piano, ___ you?","do","don’t","are","aren’t","B","บอกเล่าประโยคข้างหน้าในรูปทั่วๆไป question tag ข้างหลังต้องแปลงเป็นปฏิเสธ don't you",,,,,"A2","medium","true","0","2026-04-13 12:52:46.927988","2026-04-13 12:52:46.927988"
"1131","focus-form","Man: Will you be at John’s party tomorrow?Woman: Well, I’ll come ___ I finish work in time.","if","while","when","unless","A","เป็นแนวประโยคเงื่อนไข ว่าจะทำสิ่งหนึ่งได้ก็ต่อเมื่ออีกสิ่งสำเร็จ IF I finish",,,,,"A2","medium","true","0","2026-04-13 12:52:46.927988","2026-04-13 12:52:46.927988"
"1132","focus-form","Woman: Do you know Tony?Man: Is he the one ___ son is a doctor?Woman: That’s him!","who","whom","which","whose","D","ระบุสถานะความเป็นเจ้าของเพื่อขยาย ใคร/คนไหน โดยแปลว่า ...ลูกชาย'ของเขา'เป็นคุณหมอ ใช้ whose",,,,,"A2","medium","true","0","2026-04-13 12:52:46.927988","2026-04-13 12:52:46.927988"
"1133","focus-form","Woman: You play the piano beautifully!Man: Thank you! ___ you like me to play another song?","Should","Do","Would","Will","C","เมื่อจะเสนอสิ่งบางอย่างด้วยภาษาที่สูงส่งใช้ would you like...",,,,,"A2","medium","true","0","2026-04-13 12:52:46.927988","2026-04-13 12:52:46.927988"
"1134","focus-form","Man: How’s your lunch?Woman: There ___ be a lot of pepper in this dish. It is very spicy!","can","would","must","should","C","ใช้ตีความคาดเดาความน่าจะเป็นสูงทะลุเป้าแบบมั่นใจว่า ต้อง...แน่ๆ (It must)",,,,,"A2","medium","true","0","2026-04-13 12:52:46.927988","2026-04-13 12:52:46.927988"
"1135","focus-form","Woman: Is your sister ___ television?Man: No, she is not.","watch","watches","to watch","watching","D","กล่าวเป็นรูป Passive เธอนั้น 'ถูกตั้งชื่อว่า...' (was named)",,,,,"A2","medium","true","0","2026-04-13 12:52:46.927988","2026-04-13 12:52:46.927988"
"1136","focus-form","Woman: What’s the name of Sam’s new baby?Man: I think she ___ Linda.","names","named","will name","was named","D","โดนพัดลอยกระจุยหายไป หลุดออก ใช้ blew off",,,,,"A2","medium","true","0","2026-04-13 12:52:46.927988","2026-04-13 12:52:46.927988"
"1137","focus-form","Woman: Come in – you look a bit cold.Man: Thanks – the wind’s so strong it nearly blew my hat ___ .","out","off","on","down","B","บรรยายการลอกเลียนแบบหรือดูเหมือนว่า... ใช้คำว่า (look) like",,,,,"A2","medium","true","0","2026-04-13 12:52:46.927988","2026-04-13 12:52:46.927988"
"1138","focus-form","Woman: Look at this picture of my brother’s new baby.Man: You know, he looks just ___ your brother.","as","too","like","same","C","see someone do something โครงสร้างนี้ใช้คำว่า do สอดคล้องในประโยค",,,,,"A2","medium","true","0","2026-04-13 12:52:46.927988","2026-04-13 12:52:46.927988"
"1139","focus-form","Man: What exactly do you want?Woman: I would like to see you ___ a good job on the project.","to do","doing","having done","do","D","ฝากข้อความ ฝากส่งสิ่งที่พูเดเป็นสารไว้ให้ เรียกว่า leave a message",,,,,"A2","medium","true","0","2026-04-13 12:52:46.927988","2026-04-13 12:52:46.927988"
"1140","focus-form","Woman: Hello! Can I ___ a message for Jim?Man: Hang on! Just let me find a pen.","say","give","drop","leave","D","อาการบางอย่างที่สิ่งของไม่ยอมทำตามหน้าที่เหมือนดื้อรั้น ใช้คำว่า won't",,,,,"A2","medium","true","0","2026-04-13 12:52:46.927988","2026-04-13 12:52:46.927988"
"1141","focus-form","Man: What’s wrong?Woman: My car ___ .","can’t start","isn’t starting","won’t start","doesn’t starting","C","มีความหมายว่ า 'ไม่น่าเแปลกใจเลย' ใช่คำว่า no surprise ตรงๆ ได้เลย",,,,,"A2","medium","true","0","2026-04-13 12:52:46.927988","2026-04-13 12:52:46.927988"
"1142","focus-form","Man: I failed the test.Woman: Frankly, it’s ___ surprise to me.","none","no","any","not","B","รูปประโยคแบบถูกกระทำ ใช้ was told (ฉันได้รับแจ้งมาว่า/ มีคนพูดให้ฉันฟังว่า)",,,,,"A2","medium","true","0","2026-04-13 12:52:46.927988","2026-04-13 12:52:46.927988"
"1143","focus-form","Woman: Good morning. May I help you?Man: Yes, I ___ that you sell laptop computers. Where can I find them?","was telling","been told","was told","did tell","C","สรรพนามรูปเดี่ยวๆ ที่เอามาอ้างอิงแทน this computer game",,,,,"A2","medium","true","0","2026-04-13 12:52:46.927988","2026-04-13 12:52:46.927988"
"1144","focus-form","Boy: Do you like playing this computer game?Girl: ___ boring. Shall we choose something else to play?","It’s","They’re","I’m","You’re","A","วลีแปลว่าปลีกตัวออกห่าง หรือไม่ยุ่งเกี่ยวเรื่องชาวบ้าน คือการ stay out of it",,,,,"A2","medium","true","0","2026-04-13 12:52:46.927988","2026-04-13 12:52:46.927988"
"1145","focus-form","Woman: My coworkers are always arguing. Should I say something?Man: If I were you, I’d ___ out of it.","put","stay","hold","move","B","ถามว่าเป็นของใคร ใช้ Whose ชี้ขาดเพื่อหาเจ้าชอง",,,,,"A2","medium","true","0","2026-04-13 12:52:46.927988","2026-04-13 12:52:46.927988"
"1146","focus-form","Woman: There is a green scarf on the chair. ___ is it?Man: It isn’t mine. It might be Ben’s.","Who","Whom","Which","Whose","D","รับประทานอาหารนอกบ้าน ใช้วลีคำกริยา eat out ตอบ out",,,,,"A2","medium","true","0","2026-04-13 12:52:46.927988","2026-04-13 12:52:46.927988"
"1147","focus-form","Wife: Do you fancy going to that new restaurant in town?Husband: Oh, I’m really tired. Let’s ___ this evening.","in","at","out","about","C","ถุงมือหรือ gloves นั้นเติม s พกมาเป็นคู่ จึงใช้สรรพนามตัวแทนแบบพหูพจน์ them",,,,,"A2","medium","true","0","2026-04-13 12:52:46.927988","2026-04-13 12:52:46.927988"
"1148","focus-form","Woman: Oh dear, I’ve left my gloves in the car.Man: Don’t worry, I’ll get ___ for you.","it","them","some","ones","B","การมองหางาน หาอะไรสักอย่างแบบที่ต้องค้นหาใช้วลี look for",,,,,"A2","medium","true","0","2026-04-13 12:52:46.927988","2026-04-13 12:52:46.927988"
"1149","focus-form","Woman: Why did you decide to ___ another job?Man: I wasn’t happy with the one I had.","look at","look after","look for","look into","C","ไม่มีใครเลยจากกลุ่มเพื่อนของฉัน ใหั้ใช้สรรพนาม None of",,,,,"A2","medium","true","0","2026-04-13 12:52:46.927988","2026-04-13 12:52:46.927988"
"1150","focus-form","Woman: ___ of my friends can speak French very well.Man: Neither can mine.","No one","Nobody","No","None","D","สำนวนการเป็นไข้หวัดคือ getting a cold",,,,,"A2","medium","true","0","2026-04-13 12:52:46.927988","2026-04-13 12:52:46.927988"
"1151","focus-form","Man: I don’t feel very well.Woman: It sounds like you might be ___ a cold.","doing","having","feeling","getting","D","Neither of นำหน้าคำนามพหูพจน์ แต่จะต้องถือเป็นรูปแบบเอกพจน์ กริยาคือ is",,,,,"A2","medium","true","0","2026-04-13 12:52:46.927988","2026-04-13 12:52:46.927988"
"1152","focus-form","Woman: Do you know what I really like about the weekends?Man: What?Woman: ___ have to get up early.","I don’t","I can’t","I mustn’t","I didn’t","A","บอกสถานที่ตำแหน่งเด่นชัดหรือจุดตัดเช่นป้ายรถเมล์ สี่แยก ให้ใช้บุบท at",,,,,"A2","medium","true","0","2026-04-13 12:52:46.927988","2026-04-13 12:52:46.927988"
"1153","focus-form","Man: Are those your students?Woman: Neither of the two girls ___ my student.","is","have been","are","were","A","เป็นการเล่าถึงความรู้สึกเมื่อคืนวานซึ่งใช้อธิบายสิ่งเป็นอดีต (was)",,,,,"A2","medium","true","0","2026-04-13 12:52:46.927988","2026-04-13 12:52:46.927988"
"1154","focus-form","Woman: Can you tell me where the nearest garage is?Man: Turn right ___ the next crossroads. You can’t miss it.","on","at","in","across","B","enough จะอยู่ด้านหน้าคำนามเพื่อบอกว่า มี...ไม่พอ",,,,,"A2","medium","true","0","2026-04-13 12:52:46.927988","2026-04-13 12:52:46.927988"
"1155","focus-form","Man: Did you go out last night?Woman: No, I ___ too tired.","am","were","was","did","C","พี่ชายหรือน้องชายเป็นบุรุษสรรพนามที่ 3 เอกพจน์ ใช้ Does นำหน้ากริยาแท้",,,,,"A2","medium","true","0","2026-04-13 12:52:46.927988","2026-04-13 12:52:46.927988"
"1156","focus-form","Woman: There isn’t ___ to make a cake.Man: Do you want me to get it now?","enough sugar","sugar enough","enough of sugar","few sugar","A","รูปประโยค Subjunctive clause ตามหลังคำแนะนำสั่งยืนยัน (insist) กริยาจะต้องใช้รูปคงเดิม Infinitive be",,,,,"A2","medium","true","0","2026-04-13 12:52:46.927988","2026-04-13 12:52:46.927988"
"1157","focus-form","Woman: ___ your brother spend Christmas with you?Man: Every year.","Do","Does","Have","Has","B","จะเปิดไฟ ให้แสงสว่างใช้ turn on",,,,,"A2","medium","true","0","2026-04-13 12:52:46.927988","2026-04-13 12:52:46.927988"
"1158","focus-form","Woman: Do you like your new job?Man: Yes, but my employer insists that I ___ on time.","was","am","be","have been","C","How often ใช้ถามความถี่ว่าทำบ่อยแค่ไหน",,,,,"A2","medium","true","0","2026-04-13 12:52:46.927988","2026-04-13 12:52:46.927988"
"1159","focus-form","Man: It is dark in here.Woman: I will turn ___ the light.","on","out","over","off","A","คุณรู้ตัวเมื่อไหร่ว่า ลืม/ได้ทำหายไปแล้ว ซึ่งมันเกิดขึนก้่อนการรู้ตัว จะเป็น (had lost หรือ 'd lost)",,,,,"A2","medium","true","0","2026-04-13 12:52:46.927988","2026-04-13 12:52:46.927988"
"1160","focus-form","Woman: ___ do you visit your hometown?Man: Once a year.","How long","How far","How often","How","C","ใช้ขึ้นต้นคำถามเกี่ยวกับเรื่องในอดีต จะต้องใช้ Did",,,,,"A2","medium","true","0","2026-04-13 12:52:46.927988","2026-04-13 12:52:46.927988"
"1161","focus-form","Man: When did you realize ___ your purse?Woman: When I tried to pay for my lunch.","you lost","you lose","you’d lost","you have lost","C","แปลว่า 'เคยชิน/เคยทำ' แฝงความหมายว่าตอนนี้ไม่ได้ทำแล้วใช้ used to",,,,,"A2","medium","true","0","2026-04-13 12:52:46.927988","2026-04-13 12:52:46.927988"
"1162","focus-form","Man: ___ you play the violin in school last year?Woman: No, I played the piano.","Did","Are","Have","Were","A","ความเต็มใจ หรือยินดีที่จะทำ... ใช้ willing",,,,,"A2","medium","true","0","2026-04-13 12:52:46.927988","2026-04-13 12:52:46.927988"
"1163","focus-form","Man: Why don’t you take the bus to work?Woman: Well, I ___, but it was just so slow.","have to","need to","used to","want to","C","ทำไมถึงไม่ได้คิดจะไป... ขึ้นเป็นแง่ลบกับประโยคปัจจุบันอ้างอนาคต",,,,,"A2","medium","true","0","2026-04-13 12:52:46.927988","2026-04-13 12:52:46.927988"
"1164","focus-form","Man: Can you work late tonight? There are still some emails to be sent out.Woman: I’m more than ___ to help, but I have to leave by 6 p.m. at the latest.","will","will be","willing","be willing","C","ใช้เพื่ออธิบายขยายความสิ่งที่จะต้องเป้าหมาย 'สิ่งที่จะต้องทำ' to do",,,,,"A2","medium","true","0","2026-04-13 12:52:46.927988","2026-04-13 12:52:46.927988"
"1165","focus-form","Boy: Why ___ you going swimming with us tomorrow?Girl: I’m just too busy.","haven’t","aren’t","don’t","can’t","B","อย่างอื่นอีีกบ้างไหมประโยคคำถาม ใช้ anything นำ",,,,,"A2","medium","true","0","2026-04-13 12:52:46.927988","2026-04-13 12:52:46.927988"
"1166","focus-form","Woman: Have you finished moving out of your old apartment?Man: Yes, the only thing I have left ___ is take my name off the mailbox.","do","done","to do","for doing","C","เธออยู่ที่ไหน ระบุสถานะปัจจุบันทั่วไปใช้รูปปกติ is",,,,,"A2","medium","true","0","2026-04-13 12:52:46.927988","2026-04-13 12:52:46.927988"
"1167","focus-form","Boy: Do you like playing this computer game?Girl: Not really. Do you have ___ else?","anything","one thing","everything","another thing","A","มี Has นำ ตามข้างหลังด้วยกริยาช่อง 3 คือ given (ให้ไปแล้วหรือยัง?)",,,,,"A2","medium","true","0","2026-04-13 12:52:46.927988","2026-04-13 12:52:46.927988"
"1168","focus-form","Boy: Have you seen Maria?Girl: Sorry, I don’t know where she ___.","is","was","been","being","A","เหตุการณ์ในอดีตรูปกริยาต้องสอดคล้องเป็นส่วนอดีต (went -> felt)",,,,,"A2","medium","true","0","2026-04-13 12:52:46.927988","2026-04-13 12:52:46.927988"
"1169","focus-form","Man: Has Julia ___ you her new email address yet?Woman: Yes. I’ll send it to you.","give","gave","given","giving","C","เป็นเวลา ... 2 เดือนมาแล้ว พูดถึงเรื่องในอดีต เติม ago ไว้หลังเวลา",,,,,"A2","medium","true","0","2026-04-13 12:52:46.927988","2026-04-13 12:52:46.927988"
"1170","focus-form","Woman: Sorry I didn’t come to your party.Man: What happened?Woman: Oh, I ___ sick, so I went to sleep.","felt","feel","feels","feeling","A","ใช้เป็นสิ่งที่ทำเป็นประจำทุกๆปี (every year) กริยาจึงอยู่เป็น present เติม s ในประธานเอกพจน์ sees",,,,,"A2","medium","true","0","2026-04-13 12:52:46.927988","2026-04-13 12:52:46.927988"
"1171","focus-form","Man: Do you know Maria?Woman: Yes, I met her two months ___.","ago","past","away","since","A","keep + กริยาเติม -ing แปลว่ายังคงทำแบบนั้นต่อไป",,,,,"A2","medium","true","0","2026-04-13 12:52:46.927988","2026-04-13 12:52:46.927988"
"1172","focus-form","Man: Richard ___ the doctor every year.Woman: I should do that, too.","saw","sees","seen","seeing","B","หาความเป็นเจ้าของ ว่าเสิอร์ตััวนี้เป็นของใคร ใช้ question verb : Whose",,,,,"A2","medium","true","0","2026-04-13 12:52:46.927988","2026-04-13 12:52:46.927988"
"1173","focus-form","Teacher: Are you an Italian citizen?Student: No, I was born ___ the United States.","in","to","at","on","A","ในบรรดาสายระดับแย่ที่สุดในความรู้เท่าที่ฉันเคยเห็นมา (the+worst)",,,,,"A2","medium","true","0","2026-04-13 12:52:46.927988","2026-04-13 12:52:46.927988"
"1174","focus-form","Man: Jeff keeps ___ at his watch.Woman: I know. He has an important meeting to go to.","look","to look","looking","to looking","C","ระบุว่าเกิดขึ้นไปแล้วชัดเจนคือเมื่อ 5 นาทีก่อน ใช้ V.2 อย่างเดียว (opened)",,,,,"A2","medium","true","0","2026-04-13 12:52:46.927988","2026-04-13 12:52:46.927988"
"1175","focus-form","Woman: ___ coat is this?Man: I don’t know. It’s not mine.","Who","Who’s","Whom","Whose","D","คำนี้เป็นสำนวน cannot help but จะสืบเนื่องด้วยกริยารูปปกติ (แต่อิงตามแบบภาษาถูกหลักจะตอบ being ถ้าในตัวโจทย์ยึดความหมาย can't help+ing)",,,,,"A2","medium","true","0","2026-04-13 12:52:46.927988","2026-04-13 12:52:46.927988"
"1176","focus-form","Man: I didn’t like the movie very much. Did you?Woman: No. It was one of the ___ I’ve ever seen.","worst","worse","bad","badly","A","ถามสารทุกข์สุำดิบ ทักทายสอบถาม How are you?",,,,,"A2","medium","true","0","2026-04-13 12:52:46.927988","2026-04-13 12:52:46.927988"
"1177","focus-form","Man: It’s hot in here. We need some fresh air.Woman: But I ___ the window five minutes ago.","opened","opening","had opened","was opening","A","บอกช่วงเวลาของนาฬิกาชี้วัดให้ใช้บุพบท at แบบเป๊ะๆ",,,,,"A2","medium","true","0","2026-04-13 12:52:46.927988","2026-04-13 12:52:46.927988"
"1178","focus-form","Man: Jenny’s really good at drawing, isn’t she?Woman: Well, her mom’s an illustrator and her dad’s an architect, so I guess she can’t help but ___ artistic.","be","been","to be","being","D","ใช้ในรูปเปรียบเทียบ กว่า = more แบบไม่มีคู่ต้อนต่อย",,,,,"A2","medium","true","0","2026-04-13 12:52:46.927988","2026-04-13 12:52:46.927988"
"1179","focus-form","Woman: Hello, Simon. ___ are you?Man: I'm fine, thank you.","Why","Who","How","Where","C","มีคำนามตามหลัง because of + (นาม) เป็นสาเหตุหรือเหตุผลเนื่องจาก",,,,,"A2","medium","true","0","2026-04-13 12:52:46.927988","2026-04-13 12:52:46.927988"
"1180","focus-form","Man: What time do you go to work?Woman: I leave my house ___ 7 a.m. in the morning.","on","in","to","at","D","วลี hang on แปลว่ารอเดี๋ยวนะ/หยุดสักแป๊บ",,,,,"A2","medium","true","0","2026-04-13 12:52:46.927988","2026-04-13 12:52:46.927988"
"1181","focus-form","Man: Can I tell you what I bought you for your birthday?Woman: No. Don't tell me. It's ___ exciting that way.","more","most","the more","the most","A","มี than แสดงการเปรียบเทียบขั้นกว่า (taller)",,,,,"A2","medium","true","0","2026-04-13 12:52:46.927988","2026-04-13 12:52:46.927988"
"1182","focus-form","Man: Good morning. I'd like to get a ticket to New York.Woman: Of course. ___ would you like to fly?","Why","When","Who","Where","B","เธออยู่ที่ไหนในปัจุุจบัน (is)",,,,,"A2","medium","true","0","2026-04-13 12:52:46.927988","2026-04-13 12:52:46.927988"
"1183","focus-form","Man: Why do you like your job?Woman: Mostly ___ my boss. She's great.","with respect to","in support of","according to","because of","D","because of เป็น preposition ใช้คู่กับคำนาม (my boss) เพื่อบอกเหตุผล ตอบคำถาม Why do you like your job? คือ Mostly because of my boss = เพราะเจ้านายเป็นหลัก",,,,,"A2","medium","true","0","2026-04-13 12:52:46.927988","2026-04-13 12:52:46.927988"
"1184","focus-form","Daughter: Mom, do you recycle these bottles?Mother: Yes, but ___ a minute. We need to wash them first.","come by","come up","hang on","hang in","C","วลี get(getting) used to แปลว่า คุ้นเคย/ยังพยายามปรับตัวเพื่อจะทำให้คุ้นเคยชิน",,,,,"A2","medium","true","0","2026-04-13 12:52:46.927988","2026-04-13 12:52:46.927988"
"1185","focus-form","Mother: Why did you get home so late?Son: I stopped ___ to my friend at school.","to be talking","have a talk","talking","to talk","D","come up with แปลว่านึกบางสิ่งบางอย่างออก ในเชิงเป็นแนวคิดแก้ปัญหา",,,,,"A2","medium","true","0","2026-04-13 12:52:46.927988","2026-04-13 12:52:46.927988"
"1186","focus-form","Girl: Is Sam ___ than you now?Boy: Yes. He ___ recently.","taller","as tall","tall","the tallest","A","หมายถึงไม่มีทั้งคอมพิวเตอร์ทั้งคู่ (เป็นลักษณะปฏิเสธควบสองสิ่งNeither)",,,,,"A2","medium","true","0","2026-04-13 12:52:46.927988","2026-04-13 12:52:46.927988"
"1187","focus-form","Boy: Have you seen Maria?Girl: Sorry, I don't know where she ___.","is","was","been","being","A","รูป past simple ตัวแทนถูกกระทำ เพราะเขาไม่ได้เชิญฉันจึงเป็นประโบบค was... invited",,,,,"A2","medium","true","0","2026-04-13 12:52:46.927988","2026-04-13 12:52:46.927988"
"1188","focus-form","Man: Has the doctor given you any advice on eating better?Woman: Well, she's made me aware of ___ I'm putting on my plate every day.","this","that","what","which","C","กังวลเกี่ยวกับปัญหาอะไรก็ตาม ใช้ about",,,,,"A2","medium","true","0","2026-04-13 12:52:46.927988","2026-04-13 12:52:46.927988"
"1189","focus-form","Man: How do you like your new phone?Woman: It's confusing. I'm still getting ___ it.","use","used","to used","used to","D","เป็น if clause Type 2 เรื่องสมมติในปตปัจจุบัน กริยาช่องหลัง would / ด้านหน้าต้อง V.2 คือ had",,,,,"A2","medium","true","0","2026-04-13 12:52:46.927988","2026-04-13 12:52:46.927988"
"1190","focus-form","Man: Are you planning anything for your daughter's first birthday?Woman: We don't know yet, but I'm sure we'll ___ with something special.","come up","catch on","give up","—","A","มีคำชี้ช่วงเวลา for six years ทำให้ทราบว่าเป็นเหตุการ์เรื่องยืดเยื้อมาตั้งแต่อดีตสู่ปัจจุบัน (have lived)",,,,,"A2","medium","true","0","2026-04-13 12:52:46.927988","2026-04-13 12:52:46.927988"
"1191","focus-form","Man: Are there computers in both classrooms?Woman: I'm sorry, ___ of them have computers.","any","either","neither","—","C","มีคำว่าปีที่แล้วคือ last year ทำให้กริยานั้นต้องจบสมบูรณ์ไปแล้วในอดีต (went)",,,,,"A2","medium","true","0","2026-04-13 12:52:46.927988","2026-04-13 12:52:46.927988"
"1192","focus-form","Woman: Are you going to Peter's wedding?Man: No, I ___ invited.","wasn't","hadn't","haven't","—","A","ให้ความหมายขัดแย้งว่าเดินทุกๆวัน หมายควมว่าไม่เคยนั่งรถเลย (never)",,,,,"A2","medium","true","0","2026-04-13 12:52:46.927988","2026-04-13 12:52:46.927988"
"1193","focus-form","Woman: You look a little tired. Is there a problem?Man: I'm worried ___ my job interview next week.","at","in","about","—","C","ถามอาชีพการงานแบบคลาสสิก What do you do?",,,,,"A2","medium","true","0","2026-04-13 12:52:46.927988","2026-04-13 12:52:46.927988"
"1194","focus-form","Woman: Why don't we go out for dinner more often?Man: Well, if we ___ more time, we'd go out once a week.","had","have","will have","would have","A","ใช้ much ไปขยายการเปรียบเทียบว่ามีอาการดีกว่าเดิมเป็นอย่างมาก ๆ (better)",,,,,"A2","medium","true","0","2026-04-13 12:52:46.927988","2026-04-13 12:52:46.927988"
"1195","focus-form","Woman: Where do you live?Man: In Boston. I ___ there for six years now.","live","lived","have lived","was living","C","ทิ้งร่องรอยด้วยคำว่า ...ago ทำให้กริยานั้นต้องจบสมบูรณ์ไปแล้วในอดีตเป็น left",,,,,"A2","medium","true","0","2026-04-13 12:52:46.927988","2026-04-13 12:52:46.927988"
"1196","focus-form","Man: I ___ to Vietnam last year.Woman: Nice! You always go on great trips.","go","I'll go","went","I've been","C","มีคำชี้ช่วงเวลา for six years ทำให้ทราบว่าเป็นเหตุการ์เรื่องยืดเยื้อมาตั้งแต่อดีตสู่ปัจจุบัน (have lived)",,,,,"A2","medium","true","0","2026-04-13 12:52:46.927988","2026-04-13 12:52:46.927988"
"1197","focus-form","Woman: How often do you ride the bus to work?Man: I ___ ride the bus. I walk every day.","often","never","usually","sometimes","B","มีคำว่าปีที่แล้วคือ last year ทำให้กริยานั้นต้องจบสมบูรณ์ไปแล้วในอดีต (went)",,,,,"A2","medium","true","0","2026-04-13 12:52:46.927988","2026-04-13 12:52:46.927988"
"1198","focus-form","Man: What do you ___?Woman: I'm a teacher.","go","try","make","do","D","ให้ความหมายขัดแย้งว่าเดินทุกๆวัน หมายควมว่าไม่เคยนั่งรถเลย (never)",,,,,"A2","medium","true","0","2026-04-13 12:52:46.927988","2026-04-13 12:52:46.927988"
"1199","focus-form","Woman: I always like to see snow in the winter.Man: So ___ I.","do","am","can","have","A","ถามอาชีพการงานแบบคลาสสิก What do you do?",,,,,"A2","medium","true","0","2026-04-13 12:52:46.927988","2026-04-13 12:52:46.927988"
"1200","focus-form","Man: How is your mother now?Woman: She's much ___, thank you.","better","best","good","well","A","รูปสั้นสุดๆสำหรับการตอบที่เห็นด้วยกับการเล่าความชอบใช้ So do I",,,,,"A2","medium","true","0","2026-04-13 12:52:46.927988","2026-04-13 12:52:46.927988"
"1201","focus-form","Woman: ___ do you do? Man: I'm a teacher at a French school.","What","Where","When","Why","A","ใช้ much ไปขยายการเปรียบเทียบว่ามีอาการดีกว่าเดิมเป็นอย่างมาก ๆ (better)",,,,,"A2","medium","true","0","2026-04-13 12:52:46.927988","2026-04-13 12:52:46.927988"
"1202","focus-form","Woman: Is Mark here? Man: No, he ___ 20 minutes ago.","left","leaves","is left","is leaving","A","ถามเรื่องอาชีพ ใช้ What do you do?",,,,,"A2","medium","true","0","2026-04-13 12:52:46.927988","2026-04-13 12:52:46.927988"
"1213","form-meaning","Teaching Children to Cook","-","-","-","-","A","",,,,"{""text"":""Do you enjoy cooking? Cooking is {{20}} fun and useful activity. Even young children can learn how {{21}} make simple dishes. Kids just love working {{22}} the kitchen, preparing healthy family meals with their parents. Of course, they also love eating the delicious food that they cook all {{23}} themselves! {{24}} they get home, they can wash any fruits and vegetables. They can start with a spoon, and break eggs {{25}} into a bowl. You can also teach them to set the table before dinner, and to {{26}} the dishes after. They will {{27}} happy and proud, and they'll learn something, too."",""title"":""Teaching Children to Cook"",""blanks"":[{""id"":20,""correctAnswer"":""a""},{""id"":21,""correctAnswer"":""to""},{""id"":22,""correctAnswer"":""in""},{""id"":23,""correctAnswer"":""by""},{""id"":24,""correctAnswer"":""When""},{""id"":25,""correctAnswer"":""an""},{""id"":26,""correctAnswer"":""wash""},{""id"":27,""correctAnswer"":""be""}]}","B1","medium","true","0","2026-04-13 16:06:33.314493","2026-04-13 16:06:33.314493"
"1214","form-meaning","Mary and Lillian's Friendship","-","-","-","-","A","",,,,"{""text"":""Mary {{20}} Lillian are best friends. They went {{21}} the same elementary school in Philadelphia. Now Mary and Lillian {{22}} adults and live in Chicago. Mary is 23 {{23}} nurse and Lillian works in marketing. Lillian {{24}} one daughter and two sons. Mary is more active {{25}} Lillian. Mary likes swimming {{26}} doing yoga. Lillian prefers to {{27}} television."",""title"":""Mary and Lillian's Friendship"",""blanks"":[{""id"":20,""correctAnswer"":""and""},{""id"":21,""correctAnswer"":""to""},{""id"":22,""correctAnswer"":""develop""},{""id"":23,""correctAnswer"":""a""},{""id"":24,""correctAnswer"":""have""},{""id"":25,""correctAnswer"":""than""},{""id"":26,""correctAnswer"":""and""},{""id"":27,""correctAnswer"":""watch""}]}","B1","medium","true","0","2026-04-13 16:06:33.314493","2026-04-13 16:06:33.314493"
"1215","form-meaning","No More Flies","-","-","-","-","A","",,,,"{""text"":""People {{20}} not want flies around their houses. The best way of reducing the fly population is {{21}} find out where their food comes from. {{22}} remove it. However, {{23}} this doesn't work, you can try hanging clear plastic bags. {{24}} are filled with water over the door. although nobody knows exactly {{25}} this works. they think it's a lake {{26}} a pond. But whatever the reason might {{27}}, lots of people are sure it works."",""title"":""No More Flies"",""blanks"":[{""id"":20,""correctAnswer"":""do""},{""id"":21,""correctAnswer"":""to""},{""id"":22,""correctAnswer"":""and""},{""id"":23,""correctAnswer"":""when""},{""id"":24,""correctAnswer"":""there""},{""id"":25,""correctAnswer"":""how""},{""id"":26,""correctAnswer"":""or""},{""id"":27,""correctAnswer"":""prove""}]}","B1","medium","true","0","2026-04-13 16:06:33.314493","2026-04-13 16:06:33.314493"
"1216","form-meaning","Family Weekend","-","-","-","-","A","",,,,"{""text"":""John Jones lives {{20}} the United States with his wife Mary. with {{21}} wife, Mary. They {{22}} two children. Sally {{23}} Billy. The Jones family spends a lot {{24}} time together. The family often goes {{25}} the park. Mary likes to sit {{26}} a park bench. Sometimes she {{27}} a piece of bread to give to the birds."",""title"":""Family Weekend"",""blanks"":[{""id"":20,""correctAnswer"":""in""},{""id"":21,""correctAnswer"":""my""},{""id"":22,""correctAnswer"":""have""},{""id"":23,""correctAnswer"":""and""},{""id"":24,""correctAnswer"":""of""},{""id"":25,""correctAnswer"":""to""},{""id"":26,""correctAnswer"":""at""},{""id"":27,""correctAnswer"":""is""}]}","B1","medium","true","0","2026-04-13 16:06:33.314493","2026-04-13 16:06:33.314493"
"1217","form-meaning","Dear Tim","-","-","-","-","A","",,,,"{""text"":""How are you? I {{20}} a bad cold last week. Can you come {{21}} our house for lunch on Saturday? Sarah and John {{22}} be there. My sister said she will bake a cake {{23}} him. Can you please bring a few bottles {{24}} soda? Saturday will {{25}} a very hot day. {{26}} will you get to my house – by car or by bus? Call me {{27}} you need directions."",""title"":""Dear Tim"",""blanks"":[{""id"":20,""correctAnswer"":""had""},{""id"":21,""correctAnswer"":""to""},{""id"":22,""correctAnswer"":""will""},{""id"":23,""correctAnswer"":""for""},{""id"":24,""correctAnswer"":""of""},{""id"":25,""correctAnswer"":""be""},{""id"":26,""correctAnswer"":""How""},{""id"":27,""correctAnswer"":""if""}]}","B1","medium","true","0","2026-04-13 16:06:33.314493","2026-04-13 16:06:33.314493"
"1255","listening","A man and a woman are talking about a museum. What does the woman say about the exhibit?","She prefers art museums.","The exhibit was better than she had expected.","She wishes the exhibit had been organized better.","She wants to visit the exhibit again with her family.","B","ผู้หญิงบอกว่าปกติเธอชอบพิพิธภัณฑ์ศิลปะมากกว่า แต่คราวนี้เธอรู้สึกหลงใหลเพราะการจัดแสดงน่าสนใจและทำให้เวลาผ่านไปเร็ว",,"/audio/Q1.mp3","F: My friend and I went to the new show at that science museum downtown.\nM: That's one of my favorite places. What was the exhibit like?\nF: To be honest, I'm generally more of a fan of art museums, but this time I found myself fascinated.\nM: Oh, interesting. Why do you think that was?\nF: It must've been how the show was organized. When I looked at my watch, I couldn't believe two hours had passed.",,"A2","medium","true","0","2026-04-14 11:33:44.123209","2026-04-14 11:33:44.123209"
"1256","listening","Two friends are talking about an election. What does the man say he's unsure about?","who he will vote for","whether he will vote","who the candidates are","what positions the candidates have","A","ผู้ชายบอกว่าเขาไม่แน่ใจว่าจะโหวตให้ใครเหมือนกัน (""I do not know either"") เพราะผู้สมัครแต่ละคนก็มีนโยบายที่เขาชอบ",,"/audio/Q2.mp3","F: I'm not sure who I'll vote for next week. I don't like either candidate.\nM: I don't know either, but my problem is that each candidate has some positions I like.\nF: Maybe we shouldn't vote for either one. Why support someone with a lot of bad ideas.\nM: I have to vote. I think it's a really important responsibility.",,"A2","medium","true","0","2026-04-14 11:33:44.123209","2026-04-14 11:33:44.123209"
"1257","listening","A woman is asking where the post office is. The post office is opposite ...","the bank.","the cinema.","the newsagent.","the supermarket.","C","ผู้ชายบอกว่าที่ทำการไปรษณีย์อยู่ฝั่งตรงข้าม (across the road) กับร้านขายหนังสือพิมพ์ (newsagents)",,"/audio/Q3.mp3","F: Excuse me, could you tell me where the nearest post office is?\nM: Yes, it's down the high street across the road from the newsagents.\nF: Is it the building next to the shoe shop?\nM: No, that's the cinema. The post office is between the bank and the supermarket.",,"A2","medium","true","0","2026-04-14 11:33:44.123209","2026-04-14 11:33:44.123209"
"1258","listening","A man and a woman are talking. Where are they?","in a school","at the dentist's","at a sports centre","at the woman's house","A","ผู้ชายมารับลูกชาย และผู้หญิงถามว่าจะให้ส่งข้อความไปที่ ""ห้องเรียน (classroom)"" ของเขาไหม แสดงว่าอยู่ที่โรงเรียน",,"/audio/Q4.mp3","F: Can I help you?\nM: I've just come to pick up my son - he's got a dental appointment.\nF: Would you like me to send a note to his classroom?\nM: No, that's OK thanks - his teacher knows.\nF: OK.\nM: I think they've been doing sports, but I'm sure he'll be along in a minute.",,"A2","medium","true","0","2026-04-14 11:33:44.123209","2026-04-14 11:33:44.123209"
"1259","listening","A woman is talking about her family life. She says it's ...","noisy.","boring.","difficult.","expensive.","D","ผู้หญิงบอกว่าการมีลูก 5 คนนั้น ""not cheap"" (ไม่ถูก) ซึ่งตรงกับคำว่า expensive (แพง)",,"/audio/Q5.mp3","M: Have you got a big family?\nF: Yes, I suppose so. Two sons and three daughters.\nM: Five kids! That sounds hard. Is it?\nF: No, not really. It's not cheap, but I'm never bored.",,"A2","medium","true","0","2026-04-14 11:33:44.123209","2026-04-14 11:33:44.123209"
"1260","listening","A man and a woman are talking. The woman ...","needs the man's number.","offers the man a job.","wants to get a job.","will call the man.","D","ผู้ชายขอให้ผู้หญิงโทรบอกผล เมื่อได้ข้อสรุป และผู้หญิงตอบตกลงว่าจะโทรหา",,"/audio/Q6.mp3","M: Thanks for meeting with me to talk about the new job.\nF: Thank you, too. We will decide next week.\nM: Great. Could you call to let me know?\nF: Yes, I have your number from your form.",,"A2","medium","true","0","2026-04-14 11:33:44.123209","2026-04-14 11:33:44.123209"
"1261","listening","A man and a woman are talking. Several years ago, they ...","went on the same school trip.","stayed at the same hospital.","worked at the same office.","went to the same college.","D","ผู้หญิงบอกว่าผ่านมาหลายปีแล้วตั้งแต่พวกเขาเรียนวิทยาลัย (college) เดียวกัน",,"/audio/Q7.mp3","M: Oh, hi, Mary, it's great to see you here!\nF: Hi, Dave! Yeah, it's great to see you, too. I didn't know you were coming to the party.\nM: Yeah, I wasn't sure I'd come. But then I decided it would be fun to see all our old school friends again.\nF: Well, I'm glad you did. It's been quite a few years now since we went to the same college. What have you been doing?",,"A2","medium","true","0","2026-04-14 11:33:44.123209","2026-04-14 11:33:44.123209"
"1262","listening","A man and his daughter are talking about pets. The man says that the grey kitten ...","is already sold.","is very healthy.","is an outdoor cat.","is gentle with children.","A","ผู้ชายบอกว่ามีคนซื้อแมวสีเทาตัวนั้นไปแล้ว (""someone has already bought that one"")",,"/audio/Q8.mp3","M: Look at these kittens, Emma. Which one do you like?\nF: Oh, they are all so cute! What about that little grey one?\nM: The grey kitten is adorable, but it has a lot of energy. It might be better as an outdoor cat. Plus, it's not very gentle when playing.\nF: Is it healthy?\nM: Yes, very healthy. But actually, looking at the sign, it seems that someone has already bought that one. We'll have to pick another.",,"A2","medium","true","0","2026-04-14 11:33:44.123209","2026-04-14 11:33:44.123209"
"1263","listening","A woman is leaving a phone message for her friend. What is the woman planning to do tonight?","watch a movie","go to sleep early","buy a birthday gift","work on her project","B","ผู้หญิงบอกว่าเธอรู้สึกไม่ค่อยสบาย จึงจะกินซุปไก่แล้วเข้านอนเร็ว (""go to bed early"")",,"/audio/Q9.mp3","F: Hi Sue, it's me, Tina. Listen, I know we had plans to watch a movie together at your house, but I don't think I can come. I don't feel too well. I finally finished working on my project, but now I have a headache. I think I will have some chicken soup and then go to bed early. It's nothing serious, but I think I just need some rest.",,"A2","medium","true","0","2026-04-14 11:33:44.123209","2026-04-14 11:33:44.123209"
"1264","listening","A woman is leaving a phone message. This weekend, the woman wants to ...","see a movie.","stay at home.","finish a project.","go to the beach.","D","ผู้หญิงชวนเพื่อนไปเที่ยวทะเล (beach) ในช่วงสุดสัปดาห์ เพราะอากาศน่าจะดี",,"/audio/Q10.mp3","F: Hey, Sue, it's Jane calling. I was hoping to talk to you about this weekend, but I guess you're not home tonight. I had told you I wasn't sure about the weekend because of the work project I needed to finish, but I was able to finish it up early. I thought of just staying home after all the work, or going to a movie, but now I don't know. I feel great about finishing my project, so let's plan something fun. The weather is supposed to be really nice, so how about a trip to the beach?",,"A2","medium","true","0","2026-04-14 11:33:44.123209","2026-04-14 11:33:44.123209"
"1265","listening","A man is telling his friend about a book on the US presidents. What does he now want to learn more about?","who their wives were","what their early lives were like","what they did when they were president","which presidents had interesting hobbies","B","ผู้ชายบอกว่าหนังสือไม่ได้พูดถึงวัยเด็กของประธานาธิบดีแบบที่ผู้หญิงถาม แต่เขาอยากศึกษาเพิ่มเติมเกี่ยวกับเรื่องนี้ (วัยเด็ก หรือ early lives)",,"/audio/Q11.mp3","M: This book about the presidents in the United States has some interesting information about their marriages and their hobbies.\nF: Really? Is that what it's mainly about, facts like that?\nM: No. Actually it's mostly about their decisions as presidents. That's the focus.\nF: Does it tell you about their childhoods? You know, like how they were brought up?\nM: No, it doesn't, but I'd really like to find out more about that.\nF: Sounds like a good read. Can I borrow it when you're done?",,"A2","medium","true","0","2026-04-14 11:33:44.123209","2026-04-14 11:33:44.123209"
"1266","listening","A man and a woman are talking at work. The woman is late because ...","the bus was late.","there was a lot of traffic.","her car has broken down.","the taxis were too expensive.","C","ผู้หญิงมาสายเพราะว่ารถยนต์ของเธอสตาร์ทไม่ติด (""the car would not start"") จึงต้องนั่งแท็กซี่มา",,"/audio/Q12.mp3","F: Morning George, sorry I'm late.\nM: Traffic?\nF: No, the car wouldn't start so I took a taxi.\nM: That can't have been cheap.\nF: It wasn't, but the buses are never on time.",,"A2","medium","true","0","2026-04-14 11:33:44.123209","2026-04-14 11:33:44.123209"
"1267","listening","A man and a woman are talking about moving. The woman is going to ...","Spain.","Japan.","Canada.","England.","B","ผู้ชายถามว่าเธอจะย้ายไปญี่ปุ่น (Japan) เร็วๆ นี้ใช่ไหม และผู้หญิงก็ตอบยืนยัน",,"/audio/Q13.mp3","M: I heard you're moving to Japan soon.\nF: Yes, we're going there for my husband's job, but I'll miss living in England.\nM: Are you originally from Japan?\nF: No, my husband's from Canada and I'm from Spain.",,"A2","medium","true","0","2026-04-14 11:33:44.123209","2026-04-14 11:33:44.123209"
"1268","listening","A woman is talking about a new shopping centre. She says ...","it isn't very big.","the shops are cheap.","there aren't many shops.","there are nice places to eat.","D","ผู้หญิงบอกว่าที่ศูนย์การค้ามีคาเฟ่ดีๆ และอาหารอร่อย แถมราคาค่อนข้างถูก จึงเป็นสถานที่ทานอาหารที่ดี",,"/audio/Q14.mp3","F: I went to that new shopping centre last week. You know the one, on London Road?\nM: Oh, did you like it?\nF: Yeah, it's not bad. I expected it to be quite small, but it's not.\nM: And the shops?\nF: There are a lot, but most of them are a bit expensive for me.\nM: What did you like the best?\nF: There are some great cafes. We had lunch in one of them.\nM: Yeah?\nF: The food was lovely, and it was quite cheap.\nM: It sounds nice. Maybe I'll go there next weekend.\nF: What's it called?\nM: 'Franco's', I think. It's on the second floor.",,"A2","medium","true","0","2026-04-14 11:33:44.123209","2026-04-14 11:33:44.123209"
"1269","listening","A man is leaving a phone message about two apartments for rent. The apartment with a great view also ...","is located downtown.","is on a quiet street.","is close to a park.","has a pool.","D","อพาร์ตเมนต์แรกที่ผู้ชายพูดถึงมีวิวสวยงาม (amazing view) และมีสระว่ายน้ำใหญ่ (big pool) อยู่หน้าตึกด้วย",,"/audio/Q15.mp3","M: Hello, Mr. Kent. I'm getting back to you about available apartments. Let me tell you about two excellent possibilities. First, we have an apartment in the town center, right by the river. It has one bedroom, a living room, a kitchen, and one full bathroom. Of course, it has an amazing view! And even more, it has a big pool in front of the building! It's perfect for young professionals who love the fast speed and energy of city life. Another possibility is something larger. It's great for a couple, especially if you sometimes have guests staying overnight. It has two bedrooms, two bathrooms, a living room and an open, sunny kitchen. It's on a quiet street in a nice residential area near the park. It's also near the bus station. Call me back when you get a chance.",,"A2","medium","true","0","2026-04-14 11:33:44.123209","2026-04-14 11:33:44.123209"
"1270","listening","A woman is talking about her work. What does the woman say about her work?","She doesn't really find it interesting.","She sometimes loves it but also hates it.","She has enjoyed setting up her business.","She is happy to do as little work as possible.","C","ผู้หญิงบอกว่าในช่วง 8 ปีที่ผ่านมา เธอรู้สึกพึงพอใจกับการสร้างธุรกิจทำในสิ่งที่เธอชอบร่วมกับเพื่อน",,"/audio/Q16.mp3","F: Many people have a love-hate relationship with their work but I'm lucky. During the past eight years, I've been able to create a business doing something that I find satisfying - and with people I like. Before that, I'd spent about three years after university just messing around doing jobs I wasn't interested in at all. Then I got together with my friend Jenny and we set up a website aimed at students who wanted to go and work in another country. At the moment, I'm working four days a week, which gives me a day off to do other things. People often complain to me about their jobs. It's natural to do that, I suppose. But I think work gives our daily lives meaning and structure. It puts us in contact with other people we can learn from and socialise with. It develops our skills - and it makes us feel that we're contributing to society in some way. Obviously, work is necessary for most of us financially. But emotionally we couldn't do without it either.",,"A2","medium","true","0","2026-04-14 11:33:44.123209","2026-04-14 11:33:44.123209"
"1271","listening","A woman is applying for a job as a waitress. The restaurant is special to her because she ...","is friends with many of the customers.","wants to open a similar restaurant.","worked here many years ago.","has good memories of it.","D","ร้านอาหารนี้พิเศษสำหรับเธอเพราะเธอมีความทรงจำที่ดี (great memories) ในวัยเด็กเกี่ยวกับการมาจัดงานวันเกิดที่นี่",,"/audio/Q17.mp3","F: I would like to work at this restaurant. I have worked in several other restaurants, so I have the experience that you need. I do more than just bring the customers food. Because I always talk to customers, many of them are now my friends. I love talking to people, but I am also a serious worker. This restaurant is very special to me. I started coming here when I was a little girl. I have some great memories of my birthday parties here and the delicious cake we ate. I would really love to work here. I am available to work during the day and at night, on any day of the week. I live close to here, so it's easy for me to come to work anytime. Here's my resume, and I hope to hear from you soon.",,"A2","medium","true","0","2026-04-14 11:33:44.123209","2026-04-14 11:33:44.123209"
"1272","listening","A man and a woman are talking about moving. The woman is going to ...","Spain.","Japan.","Canada.","England.","A","ตอนแรกผู้หญิงตั้งใจจะไปญี่ปุ่นแต่งานถูกยกเลิก เธอจึงจะย้ายไปที่สเปน (Spain) แทนในเดือนหน้า",,"/audio/Q18.mp3","M: I heard you're moving abroad soon! Are you going to Japan like you planned?\nF: I was hoping to, but the job offer there fell through.\nM: Oh, I'm sorry to hear that. So where are you heading? England?\nF: Actually, I got a great opportunity in Spain. I leave next month! Canada was my second choice, but I prefer the warm weather.",,"A2","medium","true","0","2026-04-14 11:33:44.123209","2026-04-14 11:33:44.123209"
"1273","listening","Two friends are talking about the weekend. The woman is going to go ...","camping.","bike riding.","to the movies.","to the mountains.","A","ผู้หญิงปฏิเสธคำชวนไปดูหนัง เพราะเธอวางแผนที่จะไปตั้งแคมป์ (camping) กับครอบครัวไว้แล้ว",,"/audio/Q19.mp3","M: Do you have any plans for the weekend? I was thinking of going to the movies.\nF: I'd love to join you, but I've already made plans to go camping with my family.\nM: That sounds fun. Are you going to the mountains?\nF: No, we're heading to a campsite near the lake. We might even go bike riding there.",,"A2","medium","true","0","2026-04-14 11:33:44.123209","2026-04-14 11:33:44.123209"
"1274","listening","Two people are talking about work. What is the man trying to do?","advise the woman to ask for promotion","persuade the woman to find another job","warn the woman about the dangers of losing her job","find out some information about the woman's job","A","ผู้ชายแนะนำให้ผู้หญิงพูดกับผู้จัดการเพื่อขอเลื่อนตำแหน่ง (ask for a promotion) แทนที่จะหางานใหม่",,"/audio/Q20.mp3","F: I'm feeling really frustrated at work lately. I do so much, but I don't get recognized.\nM: Have you thought about speaking to the manager? You really deserve to ask for a promotion.\nF: I don't know, I'm worried they might say no. Maybe I should just find another job.\nM: I wouldn't do that. Just tell them what you're worth. You won't lose your job for asking.",,"A2","medium","true","0","2026-04-14 11:33:44.123209","2026-04-14 11:33:44.123209"
"1275","listening","Two friends are talking about how they get to work. They think the best way is ...","driving a car.","taking the bus.","taking the train.","riding a bicycle.","D","ผู้หญิงบอกว่าการปั่นจักรยาน (riding a bicycle) เป็นวิธีเดินทางที่ดีเพราะรวดเร็ว ฟรี และได้ออกกำลังกาย",,"/audio/Q21.mp3","M: Getting to work is such a hassle these days. I tried taking the train, but it's always delayed.\nF: I know. I gave up driving my car because the traffic was making me crazy.\nM: I saw you getting off the bus yesterday. Is that better?\nF: It's okay, but honestly, riding a bicycle has completely changed my commute. It's fast, free, and I get some exercise!",,"A2","medium","true","0","2026-04-14 11:33:44.123209","2026-04-14 11:33:44.123209"
"1276","listening","A woman is talking to a man in a shop. The woman wants a tin of paint that is ...","bigger.","for outside use.","less expensive.","a different colour.","B","ผู้หญิงต้องการสีทาภายนอกสำหรับทารั้วสวน ที่สามารถทนฝนได้ (for outside use)",,"/audio/Q22.mp3","M: Hello, can I help you?\nF: Yes, I bought this paint here yesterday, but I need to exchange it.\nM: Usually people want a different colour, or maybe a bigger tin?\nF: Oh, the colour and size are fine. And the price was affordable. But I'm painting my garden fence, and this one is only for indoor painting. I need something that can handle the rain.\nM: Ah, I see. You need a tin for outside use.",,"A2","medium","true","0","2026-04-14 11:33:44.123209","2026-04-14 11:33:44.123209"
"1277","listening","Two people are talking about going swimming. What is the problem with the swimming pool?","It's very expensive.","It's a long way away.","The water's too cold.","Too many people go there.","D","ผู้หญิงบอกว่าในวันหยุดสุดสัปดาห์คนอื่นก็คิดเหมือนกัน ทำให้คนไปสระว่ายน้ำเยอะมากจนแทบไม่มีที่",,"/audio/Q23.mp3","M: We should go swimming this weekend. The weather's going to be so hot.\nF: That sounds nice, but I don't really want to go to the local pool.\nM: Why not? The water is perfectly warm, and it's not very expensive.\nF: I know, and it's only a short walk from my house. But on weekends, everybody else has the same idea. There's just no space to swim properly.",,"A2","medium","true","0","2026-04-14 11:33:44.123209","2026-04-14 11:33:44.123209"
"1278","listening","A man and a woman are talking about the man's house. He lives with his ...","sister.","friends.","brother.","parents.","C","ผู้ชายบอกว่าในตอนแรกจะหาเพื่อนร่วมห้อง แต่น้องชาย/พี่ชาย (brother) ต้องการที่พัก จึงตัดสินใจอยู่ด้วยกัน",,"/audio/Q24.mp3","F: I really like your new house! Did you move in recently?\nM: Thanks! Yes, just last month. It's bigger than my old place.\nF: That's great. Did you move in with your friends? I know you were looking for roommates.\nM: I was, but then my brother needed a place to stay, so we decided to share it instead. My parents will visit us next week.",,"A2","medium","true","0","2026-04-14 11:33:44.123209","2026-04-14 11:33:44.123209"
"1279","listening","Two people are talking about an art exhibition. How does the woman feel?","She wants to leave now.","She's happy to be there.","She likes the red painting.","She dislikes all the paintings.","A","ผู้หญิงรู้สึกผิดหวังและเบื่อกับนิทรรศการ และบอกตามตรงว่าเธอแค่อยากจะกลับตอนนี้ (leave now)",,"/audio/Q25.mp3","M: So, what do you think of this art exhibition?\nF: Well, I was really excited about coming here today, but I'm quite disappointed.\nM: Really? Look at that big red painting over there. Isn't it wonderful?\nF: It's okay, I suppose. But most of the other paintings are dull. To be honest, I'm kind of bored and I'd really just like to leave now.",,"A2","medium","true","0","2026-04-14 11:33:44.123209","2026-04-14 11:33:44.123209"
"1280","listening","A woman is phoning a shop about a table. What does the shop assistant ask her for?","her home address","her email address","her work telephone number","her home telephone number","D","พนักงานร้านค้าขอรับเบอร์โทรศัพท์บ้าน (home telephone number) ของเธอ เผื่อกรณีที่พนักงานส่งของต้องติดต่อ",,"/audio/Q26.mp3","M: Good afternoon, Madam. You called about the dining table you ordered?\nF: Yes, I wanted to change the delivery date.\nM: Certainly. Before we proceed, I need to verify your details. I have your home address here on the system.\nF: Okay. Do you need my email address?\nM: Not right now. But I see the contact number we have is for your office. Could you please give me your home telephone number as well, in case the driver needs to reach you?",,"A2","medium","true","0","2026-04-14 11:33:44.123209","2026-04-14 11:33:44.123209"
"1281","listening","Two people are talking about changes in the restaurant where they work. What problem does the man have?","He is earning less money now.","He wants to cook different foods.","He is very tired from working hard.","He wants to know about new changes.","C","ผู้ชายบ่นว่าตอนนี้พอจบกะก็เหนื่อยล้ามากอยู่แล้ว (exhausted) ถ้าต้องทำงานหนักกว่าเดิมจากการที่ลูกค้ามากขึ้นคงจะรับไม่ไหว",,"/audio/Q27.mp3","F: Have you heard about the new changes the manager is making to the restaurant?\nM: Yes, I read the notice. They're adding a whole new section to the menu.\nF: That's exciting! I guess it means the restaurant will be busier, so we might make more money from tips.\nM: True, but we'll be serving more customers every night. I'm already exhausted by the end of my shift. Working even harder is going to be really tough on me.",,"A2","medium","true","0","2026-04-14 11:33:44.123209","2026-04-14 11:33:44.123209"
"1282","listening","Two people are talking about the man's life. What does his family talk about at dinner?","work","school","cooking","exercise","A","ผู้ชายเล่าว่าแม้แต่ตอนทานมื้อค่ำ ครอบครัวก็มักจะถามเรื่องงาน (work) ของเขาที่ออฟฟิศ",,"/audio/Q28.mp3","F: Do you ever get a break from your work?\nM: It's difficult. Even when I go home and sit down for dinner with my family, my parents are always asking about my projects at the office.\nF: Oh dear. My family talks about school, or sometimes we discuss exercise and healthy cooking. We never mention our jobs.\nM: That sounds nice. I wish we could talk about anything else except what I do for a living.",,"A2","medium","true","0","2026-04-14 11:33:44.123209","2026-04-14 11:33:44.123209"
"1283","listening","A woman is talking to a man about her recent holiday. Why did the woman decide to go on a cycling holiday?","She wanted a cheap holiday.","Her sister recommended it to her.","She thought it would help her get fit.","She was keen to try something different.","D","ผู้หญิงอยากไปเที่ยวแบบขี่จักรยานเพื่อหาประสบการณ์แปลกใหม่ (experience something totally new) จากเดิมที่เคยไปแต่ทะเล",,"/audio/Q29.mp3","M: How was your holiday? Didn't you go on a cycling trip?\nF: Yes, I did! It was fantastic.\nM: What made you choose a cycling holiday? Was it to save money?\nF: Not really, it wasn't a cheap holiday. And my sister always recommended relaxing at the beach.\nM: Did you want to improve your fitness?\nF: Getting fit was a bonus, but honestly, I'd just been doing the same beach trips for years. I simply wanted to experience something totally new for a change.",,"A2","medium","true","0","2026-04-14 11:33:44.123209","2026-04-14 11:33:44.123209"
"1284","listening","A man is telling an audience about his book. Why did he decide to become a writer?","He was not able to become a doctor.","He wanted to share his family's story.","His father had been a writer in America.","His brothers and sisters wrote beautiful letters.","A","ผู้ชายเคยอยากเป็นหมอ แต่ผลการเรียนวิชาวิทยาศาสตร์ไม่ดีพอเรียนแพทย์ได้ เขาจึงเริ่มเขียนหนังสือจนยึดเป็นอาชีพ",,"/audio/Q30.mp3","F: Please welcome the author of our new favorite book. Tell us, why did you decide to become a writer?\nM: Thank you. Well, growing up, my brothers and sisters were always the ones writing beautiful stories. I actually wanted to be a doctor.\nF: Really? What changed your mind?\nM: Sadly, my grades in science weren't good enough for medical school. So, I couldn't pursue that path. I started writing to pass the time instead, and that became my career.",,"A2","medium","true","0","2026-04-14 11:33:44.123209","2026-04-14 11:33:44.123209"
"1285","listening","A woman is leaving a message on an answering machine. The woman asks her friend to ...","arrange a doctor's appointment.","get some work from the teacher.","tell the college why she is absent.","buy some food and other basic things.","C","ผู้หญิงฝากให้เพื่อนช่วยบอกอาจารย์ให้ทราบถึงเหตุผลที่เธอไม่สามารถไปเรียนได้วันนี้ (tell the college why she is absent)",,"/audio/Q31.mp3","F: Hi, it's me. I'm really sorry to ask, but I won't be able to make it to college today. I'm feeling quite unwell and I have a doctor's appointment this afternoon. Could you do me a huge favor and speak to our tutor? Just let them know my situation and the reason I won't be in class today.",,"A2","medium","true","0","2026-04-14 11:33:44.123209","2026-04-14 11:33:44.123209"
"1286","listening","A woman is talking about a television programme. Africa was difficult for Brian Williams because ...","he was alone.","it was very hot.","it was very sad.","he was there a long time.","C","ผู้หญิงบอกว่าการไปแอฟริกาเป็นเรื่องยากสำหรับเขา เพราะเป็นเรื่องที่น่าเศร้ามาก (very sad) ที่สัตว์ป่าสูญเสียที่อยู่อาศัย",,"/audio/Q32.mp3","M: Did you see that documentary about Brian Williams on television last night?\nF: Yes, I did. His trip to Africa looked incredible. But it seemed really hard for him.\nM: I know. Was it because he had to stay there for such a long time?\nF: Actually, he enjoys the hot weather and long trips. But it was just so sad for him to see all those wild animals losing their habitats. It really affected him emotionally.",,"A2","medium","true","0","2026-04-14 11:33:44.123209","2026-04-14 11:33:44.123209"
"1287","listening","A woman is leaving a phone message. This weekend, the woman wants to ...","see a movie.","stay at home.","finish a project.","go to the beach.","D","ผู้หญิงชวนเพื่อนไปเที่ยวทะเล (beach) ในช่วงสุดสัปดาห์นี้เพราะอากาศน่าจะดีมาก",,"/audio/Q33.mp3","F: Hey, Sue, it's Jane calling. I was hoping to talk to you about this weekend, but I guess you're not home tonight. I had told you I wasn't sure about the weekend because of the work project I needed to finish, but I was able to finish it up early. I thought of just staying home after all the work, or going to a movie, but now I don't know. I feel great about finishing my project, so let's plan something fun. The weather is supposed to be really nice, so how about a trip to the beach?",,"A2","medium","true","0","2026-04-14 11:33:44.123209","2026-04-14 11:33:44.123209"
"1288","listening","A woman is talking about the influence her mother had on her. How did the woman's mother feel about the family business?","She was scrupulously honest when dealing with customers.","She realised that business always had to come before pleasure.","She insisted that customers were served as efficiently as possible.","She was aware of how important it was to build relationships with customers.","C","แม่ของเธอเชื่อมั่นในการให้บริการลูกค้าอย่างรวดเร็วและมีประสิทธิภาพมากที่สุดเท่าที่จะเป็นไปได้ โดยไม่ได้เน้นการพูดคุย",,"/audio/Q34.mp3","M: Did you learn a lot from your mother when you helped out at the family shop?\nF: Absolutely. She ran the business completely on her own, and she was very focused.\nM: I suppose she worked hard to keep customers happy so they'd return?\nF: Actually, she didn't spend much time chatting or trying to build relationships with regulars. Her main priority was making sure everything moved quickly without any delays. She firmly believed in serving every customer as swiftly and efficiently as possible.",,"A2","medium","true","0","2026-04-14 11:33:44.123209","2026-04-14 11:33:44.123209"
"1289","listening","A travel agent is talking about the attractions in a city. Which of the buildings is unattractive?","The Bay Hotel.","The Eagle Cinema.","The Waterton Tower.","The Hadden Leisure Centre.","A","เอเจนต์ท่องเที่ยวบรรยายว่า The Bay Hotel มองจากภายนอกดูเหมือนตึกคอนกรีตที่น่าเกลียดและไม่น่าดู (unattractive)",,"/audio/Q35.mp3","M: Let's talk about the sights in our wonderful city. If you love modern architecture, The Waterton Tower is fantastic, and The Eagle Cinema is a beautifully designed historic building. Now, The Bay Hotel provides excellent service, but honestly, looking from the outside, it is a very ugly concrete block. It is definitely not pleasing to the eye. The Hadden Leisure Centre, on the other hand, looks quite impressive.",,"A2","medium","true","0","2026-04-14 11:33:44.123209","2026-04-14 11:33:44.123209"
"1290","listening","A reporter is talking about cultural events in the city. What does he say about the art exhibit?","Tickets for the exhibit are free of charge.","More than one artist is shown at the exhibit.","It's the largest exhibit the museum has had.","You can save money at the cafe when you buy a ticket.","B","นิทรรศการนี้พิเศษตรงที่รวบรวมผลงานจากศิลปินกว่า 50 คนทั่วโลก ซึ่งแปลว่าจัดแสดงผลงานของศิลปินหลายคน (more than one artist)",,"/audio/Q36.mp3","M: Welcome to the city's cultural update. This weekend, the National Museum is opening a fantastic new art exhibit. Now, I should mention it's not their biggest exhibit ever, and the tickets aren't free unfortunately. However, you do get a discount on coffee at the cafe! But what makes this really special is that instead of focusing on a single painter, the exhibit features works from more than fifty different artists from around the world.",,"A2","medium","true","0","2026-04-14 11:33:44.123209","2026-04-14 11:33:44.123209"
"1291","listening","A woman is leaving a telephone message for her son. What does she say about his plans after graduation?","He should find a job first and then travel.","He should discuss his plans with his father.","He should take some time off to travel now.","He should wait awhile and then look for a job.","C","ผู้เป็นแม่แนะนำลูกชายว่าควรหยุดพักผ่อนและออกเดินทางท่องเที่ยว (take some time off to travel now) หาสิ่งใหม่ๆ ก่อนไปหางานทำ",,"/audio/Q37.mp3","F: Hi sweetie, it's Mom. I know you're busy graduating this week, but your father and I were discussing your future plans. I know your father thinks you should travel the world... and you've mentioned wanting to find a job right away. But honestly, I think it would be best if you just take a break for a few months, travel, and experience new things before you start sending out resumes.",,"A2","medium","true","0","2026-04-14 11:33:44.123209","2026-04-14 11:33:44.123209"